No,English,German,Italian,Hungarian,Romanian,Serbian,Croatian,Slovak,Bulgarian,Czech,Ukrainian
1,Find Next,Weitersuchen,Trova successivo,Következő keresése,Caută următorul,Pronađi sledeće,Pronađi sljedeće,Nájsť ďalšie,Намери следващо,Najít další,Знайти далі
2,Count,Zählen,Conta,Számlálás,Numără,Prebroj,Prebroji,Spočítať,Преброй,Spočítat,Порахувати
3,Count the matches in the whole file,Treffer in der ganzen Datei zählen,Conta le corrispondenze nell'intero file,Találatok megszámlálása a teljes fájlban,Numără potrivirile din întregul fișier,Prebroj podudaranja u celoj datoteci,Prebroji podudaranja u cijeloj datoteci,Spočítať zhody v celom súbore,Преброй съвпаденията в целия файл,Spočítat shody v celém souboru,Порахувати збіги в усьому файлі
4,Close,Schließen,Chiudi,Bezárás,Închide,Zatvori,Zatvori,Zavrieť,Затвори,Zavřít,Закрити
5,Find next,Weitersuchen,Trova successivo,Következő keresése,Caută următorul,Pronađi sledeće,Pronađi sljedeće,Nájsť ďalšie,Намери следващо,Najít další,Знайти далі
6,Replace,Ersetzen,Sostituisci,Csere,Înlocuiește,Zameni,Zamijeni,Nahradiť,Замени,Nahradit,Замінити
7,Replace all,Alle ersetzen,Sostituisci tutto,Összes cseréje,Înlocuiește tot,Zameni sve,Zamijeni sve,Nahradiť všetko,Замени всички,Nahradit vše,Замінити все
8,Replace all in selection,Alle in Auswahl ersetzen,Sostituisci tutto nella selezione,Összes cseréje a kijelölésben,Înlocuiește tot în selecție,Zameni sve u izboru,Zamijeni sve u odabiru,Nahradiť všetko vo výbere,Замени всички в селекцията,Nahradit vše ve výběru,Замінити все у виділенні
9,Replace all only inside the current editor selection,Alle nur innerhalb der aktuellen Editor-Auswahl ersetzen,Sostituisci tutto solo all'interno della selezione corrente dell'editor,Összes cseréje csak a szerkesztő aktuális kijelölésén belül,Înlocuiește tot doar în selecția curentă din editor,Zameni sve samo unutar trenutnog izbora u editoru,Zamijeni sve samo unutar trenutnog odabira u uređivaču,Nahradiť všetko iba v aktuálnom výbere editora,Замени всички само в текущата селекция на редактора,Nahradit vše pouze v aktuálním výběru editoru,Замінити все лише в поточному виділенні редактора
10,Folder of the loaded settings file,Ordner der geladenen Einstellungsdatei,Cartella del file di impostazioni caricato,A betöltött beállításfájl mappája,Folderul fișierului de setări încărcat,Fascikla učitane datoteke podešavanja,Mapa učitane datoteke postavki,Priečinok načítaného súboru nastavení,Папка на заредения файл с настройки,Složka načteného souboru nastavení,Папка завантаженого файлу налаштувань
11,RUN CWatM,CWatM STARTEN,AVVIA CWatM,CWatM INDÍTÁSA,PORNEȘTE CWatM,POKRENI CWatM,POKRENI CWatM,SPUSTIŤ CWatM,СТАРТИРАЙ CWatM,SPUSTIT CWatM,ЗАПУСТИТИ CWatM
12,Save,Speichern,Salva,Mentés,Salvează,Sačuvaj,Spremi,Uložiť,Запази,Uložit,Зберегти
13,Save As,Speichern unter,Salva con nome,Mentés másként,Salvează ca,Sačuvaj kao,Spremi kao,Uložiť ako,Запази като,Uložit jako,Зберегти як
14,Fold All,Alle einklappen,Comprimi tutto,Összes összecsukása,Restrânge tot,Skupi sve,Sažmi sve,Zbaliť všetko,Свий всички,Sbalit vše,Згорнути все
15,Unfold All,Alle ausklappen,Espandi tutto,Összes kibontása,Extinde tot,Proširi sve,Proširi sve,Rozbaliť všetko,Разгъни всички,Rozbalit vše,Розгорнути все
16,Top,Anfang,Inizio,Eleje,Început,Početak,Početak,Začiatok,Начало,Začátek,Початок
17,Down,Ende,Fine,Vége,Sfârșit,Kraj,Kraj,Koniec,Край,Konec,Кінець
18,Font+,Schrift+,Carattere+,Betű+,Font+,Font+,Font+,Písmo+,Шрифт+,Písmo+,Шрифт+
19,"Increase the settings-editor font size
(Preferences ▸ Display ▸ Font size)","Schriftgröße des Einstellungs-Editors vergrößern
(Einstellungen ▸ Anzeige ▸ Schriftgröße)","Aumenta la dimensione del carattere dell'editor delle impostazioni
(Preferenze ▸ Visualizzazione ▸ Dimensione carattere)","A beállításszerkesztő betűméretének növelése
(Beállítások ▸ Megjelenítés ▸ Betűméret)","Mărește dimensiunea fontului editorului de setări
(Preferințe ▸ Afișare ▸ Dimensiune font)","Povećaj veličinu fonta editora podešavanja
(Postavke ▸ Prikaz ▸ Veličina fonta)","Povećaj veličinu fonta uređivača postavki
(Preferencije ▸ Prikaz ▸ Veličina fonta)","Zväčšiť veľkosť písma editora nastavení
(Predvoľby ▸ Zobrazenie ▸ Veľkosť písma)","Увеличи размера на шрифта в редактора на настройки
(Предпочитания ▸ Изглед ▸ Размер на шрифта)","Zvětšit velikost písma editoru nastavení
(Předvolby ▸ Zobrazení ▸ Velikost písma)","Збільшити розмір шрифту редактора налаштувань
(Параметри ▸ Відображення ▸ Розмір шрифту)"
20,Font-,Schrift-,Carattere-,Betű-,Font-,Font-,Font-,Písmo-,Шрифт-,Písmo-,Шрифт-
21,"Decrease the settings-editor font size
(Preferences ▸ Display ▸ Font size)","Schriftgröße des Einstellungs-Editors verkleinern
(Einstellungen ▸ Anzeige ▸ Schriftgröße)","Riduci la dimensione del carattere dell'editor delle impostazioni
(Preferenze ▸ Visualizzazione ▸ Dimensione carattere)","A beállításszerkesztő betűméretének csökkentése
(Beállítások ▸ Megjelenítés ▸ Betűméret)","Micșorează dimensiunea fontului editorului de setări
(Preferințe ▸ Afișare ▸ Dimensiune font)","Smanji veličinu fonta editora podešavanja
(Postavke ▸ Prikaz ▸ Veličina fonta)","Smanji veličinu fonta uređivača postavki
(Preferencije ▸ Prikaz ▸ Veličina fonta)","Zmenšiť veľkosť písma editora nastavení
(Predvoľby ▸ Zobrazenie ▸ Veľkosť písma)","Намали размера на шрифта в редактора на настройки
(Предпочитания ▸ Изглед ▸ Размер на шрифта)","Zmenšit velikost písma editoru nastavení
(Předvolby ▸ Zobrazení ▸ Velikost písma)","Зменшити розмір шрифту редактора налаштувань
(Параметри ▸ Відображення ▸ Розмір шрифту)"
22,"The skill of the user determines how much of the settingsfile is presented.
Click to cycle: Beginner → Advanced → Expert.","Die Erfahrungsstufe bestimmt, wie viel von der Einstellungsdatei angezeigt wird.
Klicken zum Wechseln: Anfänger → Fortgeschritten → Experte.","Il livello dell'utente determina quanta parte del file di impostazioni viene mostrata.
Clicca per cambiare: Principiante → Avanzato → Esperto.","A felhasználói szint határozza meg, mennyi látszik a beállításfájlból.
Kattintson a váltáshoz: Kezdő → Haladó → Szakértő.","Nivelul utilizatorului determină cât din fișierul de setări este afișat.
Clic pentru a schimba: Începător → Avansat → Expert.","Nivo korisnika određuje koliko se od datoteke podešavanja prikazuje.
Kliknite za promenu: Početnik → Napredni → Stručnjak.","Razina korisnika određuje koliko se datoteke postavki prikazuje.
Kliknite za promjenu: Početnik → Napredni → Stručnjak.","Úroveň používateľa určuje, koľko zo súboru nastavení sa zobrazí.
Kliknutím prepnete: Začiatočník → Pokročilý → Expert.","Нивото на потребителя определя колко от файла с настройки се показва.
Щракнете за смяна: Начинаещ → Напреднал → Експерт.","Úroveň uživatele určuje, kolik ze souboru nastavení se zobrazí.
Kliknutím přepnete: Začátečník → Pokročilý → Expert.","Рівень користувача визначає, яку частину файлу налаштувань показано.
Натисніть для перемикання: Початківець → Досвідчений → Експерт."
23,File,Datei,File,Fájl,Fișier,Datoteka,Datoteka,Súbor,Файл,Soubor,Файл
24,Load .ini,.ini laden,Carica .ini,.ini betöltése,Încarcă .ini,Učitaj .ini,Učitaj .ini,Načítať .ini,Зареди .ini,Načíst .ini,Завантажити .ini
25,Reload,Neu laden,Ricarica,Újratöltés,Reîncarcă,Ponovo učitaj,Ponovno učitaj,Znovu načítať,Презареди,Znovu načíst,Перезавантажити
26,Save .ini,.ini speichern,Salva .ini,.ini mentése,Salvează .ini,Sačuvaj .ini,Spremi .ini,Uložiť .ini,Запази .ini,Uložit .ini,Зберегти .ini
27,Change Working Dir,Arbeitsverzeichnis ändern,Cambia cartella di lavoro,Munkakönyvtár módosítása,Schimbă directorul de lucru,Promeni radni direktorijum,Promijeni radnu mapu,Zmeniť pracovný priečinok,Смени работната папка,Změnit pracovní složku,Змінити робочу папку
28,Changes the working directory and executes from here,Ändert das Arbeitsverzeichnis und führt von dort aus,Cambia la cartella di lavoro ed esegue da lì,"Módosítja a munkakönyvtárat, és onnan futtat",Schimbă directorul de lucru și rulează de acolo,Menja radni direktorijum i pokreće odatle,Mijenja radnu mapu i pokreće odande,Zmení pracovný priečinok a spúšťa odtiaľ,Сменя работната папка и стартира оттам,Změní pracovní složku a spouští odtud,Змінює робочу папку й запускає звідти
29,Exit,Beenden,Esci,Kilépés,Ieșire,Izlaz,Izlaz,Ukončiť,Изход,Ukončit,Вихід
30,Settings,Einstellungen,Impostazioni,Beállítások,Setări,Podešavanja,Postavke,Nastavenia,Настройки,Nastavení,Налаштування
31,View,Ansicht,Visualizza,Nézet,Vizualizare,Prikaz,Prikaz,Zobrazenie,Изглед,Zobrazení,Вигляд
32,Find & Replace,Suchen & Ersetzen,Trova & Sostituisci,Keresés & Csere,Căutare & Înlocuire,Pronađi & Zameni,Pronađi & Zamijeni,Hľadať & Nahradiť,Търсене & Замяна,Najít & Nahradit,Пошук & Заміна
33,Find,Suchen,Trova,Keresés,Caută,Pronađi,Pronađi,Hľadať,Търси,Najít,Знайти
34,Find previous,Rückwärts suchen,Trova precedente,Előző keresése,Caută precedentul,Pronađi prethodno,Pronađi prethodno,Nájsť predchádzajúce,Намери предишно,Najít předchozí,Знайти попереднє
35,Edit,Bearbeiten,Modifica,Szerkesztés,Editare,Uređivanje,Uređivanje,Úpravy,Редактиране,Úpravy,Редагування
36,Undo,Rückgängig,Annulla,Visszavonás,Anulează,Opozovi,Poništi,Späť,Отмени,Zpět,Скасувати
37,Redo,Wiederholen,Ripeti,Újra,Refă,Ponovi,Ponovi,Znova,Повтори,Znovu,Повторити
38,Bookmarks & Changes,Lesezeichen & Änderungen,Segnalibri & Modifiche,Könyvjelzők & Változások,Semne de carte & Modificări,Obeleživači & Izmene,Knjižne oznake & Promjene,Záložky & Zmeny,Отметки & Промени,Záložky & Změny,Закладки & Зміни
39,Toggle Bookmark,Lesezeichen umschalten,Attiva/disattiva segnalibro,Könyvjelző be/ki,Comută semn de carte,Uključi/isključi obeleživač,Uključi/isključi knjižnu oznaku,Prepnúť záložku,Превключи отметка,Přepnout záložku,Перемкнути закладку
40,Next Bookmark,Nächstes Lesezeichen,Segnalibro successivo,Következő könyvjelző,Semnul de carte următor,Sledeći obeleživač,Sljedeća knjižna oznaka,Ďalšia záložka,Следваща отметка,Další záložka,Наступна закладка
41,Previous Bookmark,Vorheriges Lesezeichen,Segnalibro precedente,Előző könyvjelző,Semnul de carte precedent,Prethodni obeleživač,Prethodna knjižna oznaka,Predchádzajúca záložka,Предишна отметка,Předchozí záložka,Попередня закладка
42,Clear all Bookmarks,Alle Lesezeichen löschen,Elimina tutti i segnalibri,Összes könyvjelző törlése,Șterge toate semnele de carte,Obriši sve obeleživače,Izbriši sve knjižne oznake,Vymazať všetky záložky,Изчисти всички отметки,Smazat všechny záložky,Видалити всі закладки
43,Goto last change,Zur letzten Änderung,Vai all'ultima modifica,Ugrás az utolsó változásra,Mergi la ultima modificare,Idi na poslednju izmenu,Idi na zadnju promjenu,Prejsť na poslednú zmenu,Към последната промяна,Přejít na poslední změnu,До останньої зміни
44,Jump to the most recently changed line,Zur zuletzt geänderten Zeile springen,Salta alla riga modificata più di recente,Ugrás a legutóbb módosított sorra,Salt la linia modificată cel mai recent,Skoči na poslednju izmenjenu liniju,Skoči na zadnji promijenjeni redak,Skočiť na naposledy zmenený riadok,Премини към последно променения ред,Skočit na naposledy změněný řádek,Перейти до останнього зміненого рядка
45,Check & Compare,Prüfen & Vergleichen,Controlla & Confronta,Ellenőrzés & Összehasonlítás,Verificare & Comparare,Provera & Poređenje,Provjera & Usporedba,Kontrola & Porovnanie,Проверка & Сравнение,Kontrola & Porovnání,Перевірка & Порівняння
46,Check settingsfile,Einstellungsdatei prüfen,Controlla file di impostazioni,Beállításfájl ellenőrzése,Verifică fișierul de setări,Proveri datoteku podešavanja,Provjeri datoteku postavki,Skontrolovať súbor nastavení,Провери файла с настройки,Zkontrolovat soubor nastavení,Перевірити файл налаштувань
47,Compare settings,Einstellungen vergleichen,Confronta impostazioni,Beállítások összehasonlítása,Compară setările,Uporedi podešavanja,Usporedi postavke,Porovnať nastavenia,Сравни настройки,Porovnat nastavení,Порівняти налаштування
48,Show the differences between the current settings file and another one side by side,Die Unterschiede zwischen der aktuellen und einer anderen Einstellungsdatei nebeneinander anzeigen,Mostra affiancate le differenze tra il file di impostazioni corrente e un altro,Az aktuális és egy másik beállításfájl közötti különbségek megjelenítése egymás mellett,Afișează alăturat diferențele dintre fișierul de setări curent și altul,Prikaži uporedo razlike između trenutne i druge datoteke podešavanja,Prikaži jednu uz drugu razlike između trenutne i druge datoteke postavki,Zobraziť vedľa seba rozdiely medzi aktuálnym a iným súborom nastavení,Покажи една до друга разликите между текущия и друг файл с настройки,Zobrazit vedle sebe rozdíly mezi aktuálním a jiným souborem nastavení,Показати поруч відмінності між поточним та іншим файлом налаштувань
49,Compare Tab,Tab vergleichen,Confronta scheda,Lap összehasonlítása,Compară fila,Uporedi karticu,Usporedi karticu,Porovnať kartu,Сравни раздел,Porovnat kartu,Порівняти вкладку
50,Compares a tab with the neighbor one,Vergleicht einen Tab mit dem benachbarten,Confronta una scheda con quella vicina,Egy lapot összehasonlít a szomszédos lappal,Compară o filă cu cea vecină,Poredi karticu sa susednom,Uspoređuje karticu sa susjednom,Porovná kartu so susednou,Сравнява раздел със съседния,Porovná kartu se sousední,Порівнює вкладку з сусідньою
51,Tools,Werkzeuge,Strumenti,Eszközök,Instrumente,Alati,Alati,Nástroje,Инструменти,Nástroje,Інструменти
52,Basin & Gauges,Einzugsgebiet & Pegel,Bacino & Stazioni,Vízgyűjtő & Mérőállomások,Bazin & Stații,Sliv & Merne stanice,Sliv & Mjerne postaje,Povodie & Stanice,Водосбор & Станции,Povodí & Stanice,Басейн & Гідропости
53,Show Basin,Einzugsgebiet anzeigen,Mostra bacino,Vízgyűjtő megjelenítése,Afișează bazinul,Prikaži sliv,Prikaži sliv,Zobraziť povodie,Покажи водосбора,Zobrazit povodí,Показати басейн
54,"Basin viewer on a folium (Leaflet) map in EPSG:4326 - ups.nc/mask overlays drawn in native lon/lat (no rasterio reprojection, crisp)","Einzugsgebietsansicht auf einer folium-Karte (Leaflet) in EPSG:4326 – ups.nc/Maske werden in nativen lon/lat gezeichnet (ohne rasterio-Umprojektion, scharf)","Visualizzatore del bacino su mappa folium (Leaflet) in EPSG:4326 - ups.nc/maschera disegnati in lon/lat nativi (senza riproiezione rasterio, nitidi)","Vízgyűjtő-megjelenítő folium (Leaflet) térképen EPSG:4326-ban - ups.nc/maszk natív lon/lat koordinátákban rajzolva (rasterio átvetítés nélkül, élesen)","Vizualizator de bazin pe o hartă folium (Leaflet) în EPSG:4326 - ups.nc/mască desenate în lon/lat native (fără reproiecție rasterio, clar)","Prikaz sliva na folium (Leaflet) karti u EPSG:4326 - ups.nc/maska iscrtani u izvornim lon/lat (bez rasterio reprojekcije, oštro)","Prikaz sliva na folium (Leaflet) karti u EPSG:4326 - ups.nc/maska iscrtani u izvornim lon/lat (bez rasterio reprojekcije, oštro)","Zobrazenie povodia na mape folium (Leaflet) v EPSG:4326 - ups.nc/maska vykreslené v pôvodných lon/lat (bez reprojekcie rasterio, ostré)","Преглед на водосбора върху карта folium (Leaflet) в EPSG:4326 - ups.nc/маска изчертани в собствени lon/lat (без репроекция с rasterio, ясно)","Zobrazení povodí na mapě folium (Leaflet) v EPSG:4326 - ups.nc/maska vykresleny v původních lon/lat (bez reprojekce rasterio, ostré)","Перегляд басейну на карті folium (Leaflet) в EPSG:4326 - ups.nc/маска намальовані у власних lon/lat (без перепроєкції rasterio, чітко)"
55,Set max Gauge,Max. Pegel setzen,Imposta stazione max,Max. mérőállomás beállítása,Setează stația max,Postavi maks. mernu stanicu,Postavi maks. mjernu postaju,Nastaviť max. stanicu,Задай макс. станция,Nastavit max. stanici,Встановити макс. гідропост
56,Find the point with the largest upstream area in Mask Map,Den Punkt mit dem größten Einzugsgebiet in der Mask Map finden,Trova il punto con la maggiore area a monte nella Mask Map,A Mask Map legnagyobb vízgyűjtő-területű pontjának megkeresése,Găsește punctul cu cea mai mare suprafață din amonte în Mask Map,Pronađi tačku sa najvećom uzvodnom površinom u Mask Map,Pronađi točku s najvećom uzvodnom površinom u Mask Map,Nájsť bod s najväčšou plochou povodia v Mask Map,Намери точката с най-голяма водосборна площ в Mask Map,Najít bod s největší plochou povodí v Mask Map,Знайти точку з найбільшою площею водозбору в Mask Map
57,Outputs,Ausgaben,Output,Kimenetek,Rezultate,Izlazi,Izlazi,Výstupy,Резултати,Výstupy,Результати
58,Create PathOut Folder,PathOut-Ordner anlegen,Crea cartella PathOut,PathOut mappa létrehozása,Creează folderul PathOut,Napravi PathOut fasciklu,Stvori PathOut mapu,Vytvoriť priečinok PathOut,Създай папка PathOut,Vytvořit složku PathOut,Створити папку PathOut
59,"Create the output folder (PathOut, placeholders resolved) if it is missing","Den Ausgabeordner (PathOut, Platzhalter aufgelöst) anlegen, falls er fehlt","Crea la cartella di output (PathOut, segnaposto risolti) se manca","A kimeneti mappa (PathOut, helyőrzők feloldva) létrehozása, ha hiányzik","Creează folderul de ieșire (PathOut, cu substituenții rezolvați) dacă lipsește","Napravi izlaznu fasciklu (PathOut, sa razrešenim oznakama) ako ne postoji","Stvori izlaznu mapu (PathOut, s razriješenim oznakama) ako ne postoji","Vytvoriť výstupný priečinok (PathOut, zástupné symboly vyriešené), ak chýba","Създай изходната папка (PathOut, с разрешени контейнери), ако липсва","Vytvořit výstupní složku (PathOut, zástupné symboly vyřešeny), pokud chybí","Створити вихідну папку (PathOut, із розкритими заповнювачами), якщо її немає"
60,Add output Watercycle,Ausgabe Wasserkreislauf hinzufügen,Aggiungi output ciclo dell'acqua,Vízkörforgás-kimenet hozzáadása,Adaugă ieșire ciclul apei,Dodaj izlaz vodnog ciklusa,Dodaj izlaz vodnog ciklusa,Pridať výstup vodného cyklu,Добави изход за водния цикъл,Přidat výstup vodního cyklu,Додати вихід водного циклу
61,Adds an additional output for creating watercycles,Fügt eine zusätzliche Ausgabe zur Erstellung von Wasserkreisläufen hinzu,Aggiunge un output aggiuntivo per creare cicli dell'acqua,Egy további kimenetet ad hozzá a vízkörforgások létrehozásához,Adaugă o ieșire suplimentară pentru crearea ciclurilor apei,Dodaje dodatni izlaz za pravljenje vodnih ciklusa,Dodaje dodatni izlaz za izradu vodnih ciklusa,Pridá ďalší výstup na tvorbu vodných cyklov,Добавя допълнителен изход за създаване на водни цикли,Přidá další výstup pro tvorbu vodních cyklů,Додає додатковий вихід для створення водних циклів
62,Add output variables,Ausgabevariablen hinzufügen,Aggiungi variabili di output,Kimeneti változók hozzáadása,Adaugă variabile de ieșire,Dodaj izlazne promenljive,Dodaj izlazne varijable,Pridať výstupné premenné,Добави изходни променливи,Přidat výstupní proměnné,Додати вихідні змінні
63,Shows a list of possible output variables to select from,Zeigt eine Liste möglicher Ausgabevariablen zur Auswahl,Mostra un elenco di possibili variabili di output da selezionare,A választható kimeneti változók listáját mutatja,Afișează o listă de variabile de ieșire din care se poate alege,Prikazuje listu mogućih izlaznih promenljivih za izbor,Prikazuje popis mogućih izlaznih varijabli za odabir,Zobrazí zoznam možných výstupných premenných na výber,Показва списък с възможни изходни променливи за избор,Zobrazí seznam možných výstupních proměnných k výběru,Показує список можливих вихідних змінних для вибору
64,Setup & Data,Einrichtung & Daten,Configurazione & Dati,Beállítás & Adatok,Configurare & Date,Postavka & Podaci,Postavljanje & Podaci,Nastavenie & Údaje,Настройка & Данни,Nastavení & Data,Налаштування & Дані
65,Change Options,Optionen ändern,Modifica opzioni,Opciók módosítása,Modifică opțiunile,Promeni opcije,Promijeni opcije,Zmeniť možnosti,Промени опциите,Změnit možnosti,Змінити опції
66,Display a popup with the settingsfile [Options],Ein Fenster mit den [Options] der Einstellungsdatei anzeigen,Mostra una finestra con le [Options] del file di impostazioni,A beállításfájl [Options] részének megjelenítése egy ablakban,Afișează o fereastră cu [Options] din fișierul de setări,Prikaži prozor sa [Options] iz datoteke podešavanja,Prikaži prozor s [Options] iz datoteke postavki,Zobraziť okno s [Options] zo súboru nastavení,Покажи прозорец с [Options] от файла с настройки,Zobrazit okno s [Options] ze souboru nastavení,Показати вікно з [Options] файлу налаштувань
67,Excel Crops/Reservoirs,Excel Kulturen/Speicher,Excel Colture/Serbatoi,Excel Növények/Tározók,Excel Culturi/Lacuri de acumulare,Excel Useva/Akumulacije,Excel Usjevi/Akumulacije,Excel Plodiny/Nádrže,Excel Култури/Язовири,Excel Plodiny/Nádrže,Excel Культури/Водосховища
68,"Open the settings Excel file (Excel_settings_file) in an editable, colour-preserving table - all its sheets (Crops, Reservoirs, Reservoirs_downstream, ...) on tabs below the table","Die Excel-Datei der Einstellungen (Excel_settings_file) in einer bearbeitbaren, farbtreuen Tabelle öffnen – alle Blätter (Crops, Reservoirs, Reservoirs_downstream, ...) als Tabs unter der Tabelle","Apri il file Excel delle impostazioni (Excel_settings_file) in una tabella modificabile che conserva i colori - tutti i suoi fogli (Crops, Reservoirs, Reservoirs_downstream, ...) in schede sotto la tabella","A beállítások Excel-fájljának (Excel_settings_file) megnyitása szerkeszthető, színtartó táblázatban - minden munkalapja (Crops, Reservoirs, Reservoirs_downstream, ...) a táblázat alatti lapokon","Deschide fișierul Excel al setărilor (Excel_settings_file) într-un tabel editabil care păstrează culorile - toate foile sale (Crops, Reservoirs, Reservoirs_downstream, ...) în file sub tabel","Otvori Excel datoteku podešavanja (Excel_settings_file) u tabeli koja se može uređivati i čuva boje - svi njeni listovi (Crops, Reservoirs, Reservoirs_downstream, ...) na karticama ispod tabele","Otvori Excel datoteku postavki (Excel_settings_file) u tablici koja se može uređivati i čuva boje - svi njezini listovi (Crops, Reservoirs, Reservoirs_downstream, ...) na karticama ispod tablice","Otvoriť súbor Excel nastavení (Excel_settings_file) v upraviteľnej tabuľke, ktorá zachováva farby - všetky jeho hárky (Crops, Reservoirs, Reservoirs_downstream, ...) na kartách pod tabuľkou","Отвори Excel файла на настройките (Excel_settings_file) в редактируема таблица, запазваща цветовете - всичките му листове (Crops, Reservoirs, Reservoirs_downstream, ...) в раздели под таблицата","Otevřít soubor Excel nastavení (Excel_settings_file) v upravitelné tabulce, která zachovává barvy - všechny jeho listy (Crops, Reservoirs, Reservoirs_downstream, ...) na kartách pod tabulkou","Відкрити Excel-файл налаштувань (Excel_settings_file) у редагованій таблиці зі збереженням кольорів - усі його аркуші (Crops, Reservoirs, Reservoirs_downstream, ...) на вкладках під таблицею"
69,Check Data,Daten prüfen,Controlla dati,Adatok ellenőrzése,Verifică datele,Proveri podatke,Provjeri podatke,Skontrolovať údaje,Провери данните,Zkontrolovat data,Перевірити дані
70,Restore settingsfile,Einstellungsdatei wiederherstellen,Ripristina file di impostazioni,Beállításfájl visszaállítása,Restaurează fișierul de setări,Vrati datoteku podešavanja,Vrati datoteku postavki,Obnoviť súbor nastavení,Възстанови файла с настройки,Obnovit soubor nastavení,Відновити файл налаштувань
71,Open a CWatM output NetCDF (dis*.nc) and show its stored run metadata,Eine CWatM-Ausgabe-NetCDF (dis*.nc) öffnen und ihre gespeicherten Laufmetadaten anzeigen,Apri un NetCDF di output di CWatM (dis*.nc) e mostra i metadati di esecuzione memorizzati,Egy CWatM kimeneti NetCDF (dis*.nc) megnyitása és a tárolt futási metaadatok megjelenítése,Deschide un NetCDF de ieșire CWatM (dis*.nc) și afișează metadatele rulării stocate,Otvori izlazni NetCDF iz CWatM (dis*.nc) i prikaži sačuvane metapodatke pokretanja,Otvori izlazni NetCDF iz CWatM (dis*.nc) i prikaži spremljene metapodatke pokretanja,Otvoriť výstupný NetCDF z CWatM (dis*.nc) a zobraziť uložené metaúdaje behu,Отвори изходен NetCDF на CWatM (dis*.nc) и покажи запазените метаданни на изпълнението,Otevřít výstupní NetCDF z CWatM (dis*.nc) a zobrazit uložená metadata běhu,Відкрити вихідний NetCDF CWatM (dis*.nc) і показати збережені метадані запуску
72,RUN CWATM,CWATM STARTEN,AVVIA CWATM,CWATM INDÍTÁSA,PORNEȘTE CWATM,POKRENI CWATM,POKRENI CWATM,SPUSTIŤ CWATM,СТАРТИРАЙ CWATM,SPUSTIT CWATM,ЗАПУСТИТИ CWATM
73,Run CWATM,CWATM starten,Avvia CWATM,CWATM indítása,Pornește CWATM,Pokreni CWATM,Pokreni CWATM,Spustiť CWATM,Стартирай CWATM,Spustit CWATM,Запустити CWATM
74,Journal of Runs,Laufprotokoll,Registro delle esecuzioni,Futási napló,Jurnalul rulărilor,Dnevnik pokretanja,Dnevnik pokretanja,Denník behov,Дневник на изпълненията,Deník běhů,Журнал запусків
75,Show the journal of past runs; reopen their results or reload/compare their settings,Das Protokoll vergangener Läufe anzeigen; Ergebnisse erneut öffnen oder Einstellungen neu laden/vergleichen,Mostra il registro delle esecuzioni passate; riapri i risultati o ricarica/confronta le impostazioni,A korábbi futások naplójának megjelenítése; eredményeik újranyitása vagy beállításaik újratöltése/összehasonlítása,Afișează jurnalul rulărilor anterioare; redeschide rezultatele sau reîncarcă/compară setările lor,Prikaži dnevnik prethodnih pokretanja; ponovo otvori rezultate ili ponovo učitaj/uporedi podešavanja,Prikaži dnevnik prethodnih pokretanja; ponovno otvori rezultate ili ponovno učitaj/usporedi postavke,Zobraziť denník minulých behov; znovu otvoriť ich výsledky alebo znovu načítať/porovnať ich nastavenia,Покажи дневника на минали изпълнения; отвори отново резултатите им или презареди/сравни настройките им,Zobrazit deník minulých běhů; znovu otevřít jejich výsledky nebo znovu načíst/porovnat jejich nastavení,Показати журнал минулих запусків; повторно відкрити їхні результати або перезавантажити/порівняти їхні налаштування
76,Windowed Run CWatM,CWatM im Fenster starten,Avvia CWatM in finestra,CWatM futtatása ablakban,Rulează CWatM în fereastră,Pokreni CWatM u prozoru,Pokreni CWatM u prozoru,Spustiť CWatM v okne,Стартирай CWatM в прозорец,Spustit CWatM v okně,Запустити CWatM у вікні
77,Run CWatM in a separate window,CWatM in einem separaten Fenster starten,Avvia CWatM in una finestra separata,CWatM futtatása külön ablakban,Rulează CWatM într-o fereastră separată,Pokreni CWatM u zasebnom prozoru,Pokreni CWatM u zasebnom prozoru,Spustiť CWatM v samostatnom okne,Стартирай CWatM в отделен прозорец,Spustit CWatM v samostatném okně,Запустити CWatM в окремому вікні
78,Batch Run…,Stapellauf…,Esecuzione batch…,Kötegelt futtatás…,Rulare în lot…,Grupno pokretanje…,Skupno pokretanje…,Dávkový beh…,Пакетно изпълнение…,Dávkový běh…,Пакетний запуск…
79,"Run many scenarios from the loaded settings file (base .ini + per-row key overrides), up to N in parallel","Viele Szenarien aus der geladenen Einstellungsdatei starten (Basis-.ini + Schlüsselüberschreibungen pro Zeile), bis zu N parallel","Esegui molti scenari dal file di impostazioni caricato (.ini di base + sostituzioni di chiavi per riga), fino a N in parallelo","Sok forgatókönyv futtatása a betöltött beállításfájlból (alap .ini + soronkénti kulcsfelülírások), legfeljebb N párhuzamosan","Rulează multe scenarii din fișierul de setări încărcat (.ini de bază + înlocuiri de chei pe rând), până la N în paralel","Pokreni mnogo scenarija iz učitane datoteke podešavanja (osnovni .ini + zamene ključeva po redu), do N paralelno","Pokreni mnogo scenarija iz učitane datoteke postavki (osnovni .ini + zamjene ključeva po retku), do N paralelno","Spustiť mnoho scenárov z načítaného súboru nastavení (základný .ini + prepísania kľúčov po riadkoch), až N paralelne","Изпълни много сценарии от заредения файл с настройки (основен .ini + замени на ключове по редове), до N паралелно","Spustit mnoho scénářů z načteného souboru nastavení (základní .ini + přepsání klíčů po řádcích), až N paralelně","Запустити багато сценаріїв із завантаженого файлу налаштувань (базовий .ini + заміни ключів у рядках), до N паралельно"
80,Create batch,Batch-Datei erstellen,Crea file batch,Kötegfájl létrehozása,Creează fișier batch,Napravi batch datoteku,Stvori batch datoteku,Vytvoriť dávkový súbor,Създай пакетен файл,Vytvořit dávkový soubor,Створити пакетний файл
81,Creates a Windows batch file to run CWatM without the GUI,"Erstellt eine Windows-Batch-Datei, um CWatM ohne GUI zu starten",Crea un file batch di Windows per avviare CWatM senza la GUI,Windows kötegfájlt hoz létre a CWatM GUI nélküli futtatásához,Creează un fișier batch Windows pentru a rula CWatM fără GUI,Pravi Windows batch datoteku za pokretanje CWatM bez GUI-ja,Stvara Windows batch datoteku za pokretanje CWatM bez GUI-ja,Vytvorí dávkový súbor Windows na spustenie CWatM bez GUI,Създава пакетен файл на Windows за стартиране на CWatM без GUI,Vytvoří dávkový soubor Windows pro spuštění CWatM bez GUI,Створює пакетний файл Windows для запуску CWatM без GUI
82,Analyse,Analyse,Analisi,Elemzés,Analiză,Analiza,Analiza,Analýza,Анализ,Analýza,Аналіз
83,Open PathOut Folder,PathOut-Ordner öffnen,Apri cartella PathOut,PathOut mappa megnyitása,Deschide folderul PathOut,Otvori PathOut fasciklu,Otvori PathOut mapu,Otvoriť priečinok PathOut,Отвори папка PathOut,Otevřít složku PathOut,Відкрити папку PathOut
84,Open the resolved PathOut directory in the file explorer,Das aufgelöste PathOut-Verzeichnis im Datei-Explorer öffnen,Apri la cartella PathOut risolta in Esplora file,A feloldott PathOut könyvtár megnyitása a fájlkezelőben,Deschide directorul PathOut rezolvat în exploratorul de fișiere,Otvori razrešeni PathOut direktorijum u istraživaču datoteka,Otvori razriješenu PathOut mapu u pregledniku datoteka,Otvoriť vyriešený priečinok PathOut v prieskumníkovi súborov,Отвори разрешената папка PathOut във файловия мениджър,Otevřít vyřešenou složku PathOut v průzkumníku souborů,Відкрити розкриту папку PathOut у файловому провіднику
85,Output Explorer,Ausgabe-Explorer,Esplora output,Kimenet-böngésző,Explorator de rezultate,Istraživač izlaza,Preglednik izlaza,Prieskumník výstupov,Преглед на резултати,Průzkumník výstupů,Провідник результатів
86,"Browse the PathOut folder; double-click a result to open the matching viewer (.nc → map, .csv → timeseries, WaterCycle → sunburst)","Den PathOut-Ordner durchsuchen; Doppelklick auf ein Ergebnis öffnet die passende Ansicht (.nc → Karte, .csv → Zeitreihe, WaterCycle → Sunburst)","Sfoglia la cartella PathOut; doppio clic su un risultato per aprire il visualizzatore corrispondente (.nc → mappa, .csv → serie temporale, WaterCycle → sunburst)","A PathOut mappa böngészése; dupla kattintás egy eredményen megnyitja a megfelelő megjelenítőt (.nc → térkép, .csv → idősor, WaterCycle → sunburst)","Răsfoiește folderul PathOut; dublu clic pe un rezultat deschide vizualizatorul potrivit (.nc → hartă, .csv → serie de timp, WaterCycle → sunburst)","Pregledaj PathOut fasciklu; dvostruki klik na rezultat otvara odgovarajući prikaz (.nc → karta, .csv → vremenska serija, WaterCycle → sunburst)","Pregledaj PathOut mapu; dvostruki klik na rezultat otvara odgovarajući prikaz (.nc → karta, .csv → vremenski niz, WaterCycle → sunburst)","Prehliadať priečinok PathOut; dvojklik na výsledok otvorí zodpovedajúce zobrazenie (.nc → mapa, .csv → časový rad, WaterCycle → sunburst)","Разгледай папката PathOut; двойно щракване върху резултат отваря съответния преглед (.nc → карта, .csv → времеви ред, WaterCycle → sunburst)","Procházet složku PathOut; dvojklik na výsledek otevře odpovídající zobrazení (.nc → mapa, .csv → časová řada, WaterCycle → sunburst)","Переглянути папку PathOut; подвійне клацання на результаті відкриває відповідний перегляд (.nc → карта, .csv → часовий ряд, WaterCycle → sunburst)"
87,Timeseries,Zeitreihe,Serie temporale,Idősor,Serie de timp,Vremenska serija,Vremenski niz,Časový rad,Времеви ред,Časová řada,Часовий ряд
88,Plot a CWatM result .csv time series (Plotly scatter),Eine CWatM-Ergebnis-.csv als Zeitreihe darstellen (Plotly-Streudiagramm),Traccia una serie temporale da un .csv di risultati di CWatM (grafico a dispersione Plotly),CWatM eredmény .csv idősorának ábrázolása (Plotly pontdiagram),Reprezintă grafic o serie de timp dintr-un .csv de rezultate CWatM (grafic de dispersie Plotly),Nacrtaj vremensku seriju iz .csv rezultata CWatM (Plotly dijagram raspršenja),Iscrtaj vremenski niz iz .csv rezultata CWatM (Plotly raspršeni dijagram),Vykresliť časový rad z .csv výsledkov CWatM (bodový graf Plotly),Начертай времеви ред от .csv с резултати на CWatM (точкова диаграма Plotly),Vykreslit časovou řadu z .csv výsledků CWatM (bodový graf Plotly),Побудувати часовий ряд із .csv результатів CWatM (точкова діаграма Plotly)
89,NetCDF,NetCDF,NetCDF,NetCDF,NetCDF,NetCDF,NetCDF,NetCDF,NetCDF,NetCDF,NetCDF
90,"Show a .nc file on a folium OSM map (EPSG:4326) with an OSM-transparency slider, colour scale and log scale","Eine .nc-Datei auf einer folium-OSM-Karte (EPSG:4326) mit OSM-Transparenzregler, Farbskala und logarithmischer Skala anzeigen","Mostra un file .nc su una mappa OSM folium (EPSG:4326) con cursore di trasparenza OSM, scala colori e scala logaritmica",".nc fájl megjelenítése folium OSM térképen (EPSG:4326) OSM-átlátszóság csúszkával, színskálával és logaritmikus skálával","Afișează un fișier .nc pe o hartă OSM folium (EPSG:4326) cu cursor de transparență OSM, scală de culori și scală logaritmică","Prikaži .nc datoteku na folium OSM karti (EPSG:4326) sa klizačem providnosti OSM, skalom boja i logaritamskom skalom","Prikaži .nc datoteku na folium OSM karti (EPSG:4326) s klizačem prozirnosti OSM, ljestvicom boja i logaritamskom ljestvicom","Zobraziť súbor .nc na mape OSM folium (EPSG:4326) s posuvníkom priehľadnosti OSM, farebnou škálou a logaritmickou škálou","Покажи .nc файл върху OSM карта folium (EPSG:4326) с плъзгач за прозрачност на OSM, цветова скала и логаритмична скала","Zobrazit soubor .nc na mapě OSM folium (EPSG:4326) s posuvníkem průhlednosti OSM, barevnou škálou a logaritmickou škálou","Показати файл .nc на карті OSM folium (EPSG:4326) з повзунком прозорості OSM, шкалою кольорів і логарифмічною шкалою"
91,Watercycle,Wasserkreislauf,Ciclo dell'acqua,Vízkörforgás,Ciclul apei,Vodni ciklus,Vodni ciklus,Vodný cyklus,Воден цикъл,Vodní cyklus,Водний цикл
92,Show the water balance of a WaterCycle_areasum_monthtot.csv as a sunburst,Die Wasserbilanz einer WaterCycle_areasum_monthtot.csv als Sunburst anzeigen,Mostra il bilancio idrico di un WaterCycle_areasum_monthtot.csv come sunburst,Egy WaterCycle_areasum_monthtot.csv vízmérlegének megjelenítése sunburst diagramként,Afișează bilanțul apei dintr-un WaterCycle_areasum_monthtot.csv ca sunburst,Prikaži vodni bilans iz WaterCycle_areasum_monthtot.csv kao sunburst,Prikaži vodnu bilancu iz WaterCycle_areasum_monthtot.csv kao sunburst,Zobraziť vodnú bilanciu z WaterCycle_areasum_monthtot.csv ako sunburst,Покажи водния баланс от WaterCycle_areasum_monthtot.csv като sunburst,Zobrazit vodní bilanci z WaterCycle_areasum_monthtot.csv jako sunburst,Показати водний баланс із WaterCycle_areasum_monthtot.csv як sunburst
93,Flow Diagram,Flussdiagramm,Diagramma di flusso,Folyamatábra,Diagramă de flux,Dijagram toka,Dijagram toka,Tokový diagram,Диаграма на потоците,Tokový diagram,Діаграма потоків
94,Show the water balance of a WaterCycle_areasum_monthtot.csv as a Sankey flow diagram,Die Wasserbilanz einer WaterCycle_areasum_monthtot.csv als Sankey-Flussdiagramm anzeigen,Mostra il bilancio idrico di un WaterCycle_areasum_monthtot.csv come diagramma di flusso Sankey,Egy WaterCycle_areasum_monthtot.csv vízmérlegének megjelenítése Sankey-folyamatábraként,Afișează bilanțul apei dintr-un WaterCycle_areasum_monthtot.csv ca diagramă de flux Sankey,Prikaži vodni bilans iz WaterCycle_areasum_monthtot.csv kao Sankey dijagram toka,Prikaži vodnu bilancu iz WaterCycle_areasum_monthtot.csv kao Sankey dijagram toka,Zobraziť vodnú bilanciu z WaterCycle_areasum_monthtot.csv ako tokový diagram Sankey,Покажи водния баланс от WaterCycle_areasum_monthtot.csv като диаграма на потоците Sankey,Zobrazit vodní bilanci z WaterCycle_areasum_monthtot.csv jako tokový diagram Sankey,Показати водний баланс із WaterCycle_areasum_monthtot.csv як діаграму потоків Sankey
95,Configure,Konfigurieren,Configura,Konfigurálás,Configurare,Konfiguriši,Konfiguriraj,Konfigurácia,Конфигуриране,Konfigurace,Конфігурація
96,Preferences…,Einstellungen…,Preferenze…,Beállítások…,Preferințe…,Postavke…,Preferencije…,Predvoľby…,Предпочитания…,Předvolby…,Параметри…
97,"All GUI settings - output, startup, display, editor, run history","Alle GUI-Einstellungen – Ausgabe, Start, Anzeige, Editor, Laufhistorie","Tutte le impostazioni della GUI - output, avvio, visualizzazione, editor, cronologia esecuzioni","Minden GUI-beállítás - kimenet, indítás, megjelenítés, szerkesztő, futási előzmények","Toate setările GUI - ieșire, pornire, afișare, editor, istoricul rulărilor","Sva podešavanja GUI-ja - izlaz, pokretanje, prikaz, editor, istorija pokretanja","Sve postavke GUI-ja - izlaz, pokretanje, prikaz, uređivač, povijest pokretanja","Všetky nastavenia GUI - výstup, spustenie, zobrazenie, editor, história behov","Всички настройки на GUI - изход, стартиране, изглед, редактор, история на изпълненията","Všechna nastavení GUI - výstup, spuštění, zobrazení, editor, historie běhů","Усі налаштування GUI - вихід, запуск, відображення, редактор, історія запусків"
98,CWatM AI,CWatM KI,CWatM IA,CWatM MI,CWatM IA,CWatM VI,CWatM UI,CWatM AI,CWatM ИИ,CWatM AI,CWatM ШІ
99,"Ask questions about CWatM, answered by Google NotebookLM (Gemini)","Fragen zu CWatM stellen, beantwortet von Google NotebookLM (Gemini)","Fai domande su CWatM, con risposte di Google NotebookLM (Gemini)","Kérdések a CWatM-ről, a Google NotebookLM (Gemini) válaszaival","Pune întrebări despre CWatM, cu răspunsuri de la Google NotebookLM (Gemini)","Postavljajte pitanja o CWatM, odgovara Google NotebookLM (Gemini)","Postavljajte pitanja o CWatM, odgovara Google NotebookLM (Gemini)","Pýtajte sa na CWatM, odpovedá Google NotebookLM (Gemini)","Задавайте въпроси за CWatM, отговаря Google NotebookLM (Gemini)","Ptejte se na CWatM, odpovídá Google NotebookLM (Gemini)","Ставте запитання про CWatM, відповідає Google NotebookLM (Gemini)"
100,Help,Hilfe,Aiuto,Súgó,Ajutor,Pomoć,Pomoć,Pomocník,Помощ,Nápověda,Довідка
101,CWatM GUI Documentation,CWatM GUI Dokumentation,Documentazione CWatM GUI,CWatM GUI dokumentáció,Documentația CWatM GUI,Dokumentacija CWatM GUI,Dokumentacija CWatM GUI,Dokumentácia CWatM GUI,Документация на CWatM GUI,Dokumentace CWatM GUI,Документація CWatM GUI
102,CWatM GUI Features,CWatM GUI Funktionen,Funzionalità CWatM GUI,CWatM GUI funkciók,Funcțiile CWatM GUI,Funkcije CWatM GUI,Značajke CWatM GUI,Funkcie CWatM GUI,Функции на CWatM GUI,Funkce CWatM GUI,Можливості CWatM GUI
103,FAQ,FAQ,FAQ,GYIK,Întrebări frecvente,Česta pitanja,Česta pitanja,Časté otázky,ЧЗВ,Časté dotazy,Часті запитання
104,Common questions & troubleshooting,Häufige Fragen & Fehlerbehebung,Domande frequenti & risoluzione dei problemi,Gyakori kérdések & hibaelhárítás,Întrebări frecvente & depanare,Česta pitanja & rešavanje problema,Česta pitanja & rješavanje problema,Časté otázky & riešenie problémov,Често задавани въпроси & отстраняване на проблеми,Časté dotazy & řešení problémů,Часті запитання & усунення проблем
105,CWatM Homepage,CWatM Homepage,Sito web di CWatM,CWatM honlap,Pagina CWatM,CWatM veb-stranica,CWatM mrežna stranica,Domovská stránka CWatM,Уебсайт на CWatM,Domovská stránka CWatM,Вебсайт CWatM
106,Open the CWatM homepage in your web browser,Die CWatM-Homepage im Webbrowser öffnen,Apri il sito web di CWatM nel browser,A CWatM honlap megnyitása a böngészőben,Deschide pagina CWatM în browser,Otvori CWatM veb-stranicu u pregledaču,Otvori CWatM mrežnu stranicu u pregledniku,Otvoriť domovskú stránku CWatM v prehliadači,Отвори уебсайта на CWatM в браузъра,Otevřít domovskou stránku CWatM v prohlížeči,Відкрити вебсайт CWatM у браузері
107,Info,Info,Info,Infó,Info,Info,Info,Info,Инфо,Info,Інфо
108,About CWatM,Über CWatM,Informazioni su CWatM,A CWatM névjegye,Despre CWatM,O programu CWatM,O programu CWatM,O CWatM,За CWatM,O CWatM,Про CWatM
109,Preferences,Einstellungen,Preferenze,Beállítások,Preferințe,Postavke,Preferencije,Predvoľby,Предпочитания,Předvolby,Параметри
110,Write output box,Ausgabefenster schreiben,Scrivi riquadro di output,Kimeneti mező írása,Scrie caseta de ieșire,Upisuj izlazni okvir,Zapisuj izlazni okvir,Zapisovať výstupné pole,Записвай изходното поле,Zapisovat výstupní pole,Записувати поле виводу
111,Run model in separate process,Modell in separatem Prozess ausführen,Esegui il modello in un processo separato,Modell futtatása külön folyamatban,Rulează modelul într-un proces separat,Pokreni model u zasebnom procesu,Pokreni model u zasebnom procesu,Spustiť model v samostatnom procese,Изпълни модела в отделен процес,Spustit model v samostatném procesu,Запускати модель в окремому процесі
112,(no recent files),(keine zuletzt geöffneten Dateien),(nessun file recente),(nincsenek legutóbbi fájlok),(niciun fișier recent),(nema nedavnih datoteka),(nema nedavnih datoteka),(žiadne nedávne súbory),(няма скорошни файлове),(žádné nedávné soubory),(немає нещодавніх файлів)
113,Copy all output,Gesamte Ausgabe kopieren,Copia tutto l'output,Teljes kimenet másolása,Copiază toată ieșirea,Kopiraj ceo izlaz,Kopiraj cijeli izlaz,Kopírovať celý výstup,Копирай целия изход,Kopírovat celý výstup,Копіювати весь вивід
114,STOP CWatM,CWatM STOPPEN,FERMA CWatM,CWatM LEÁLLÍTÁSA,OPREȘTE CWatM,ZAUSTAVI CWatM,ZAUSTAVI CWatM,ZASTAVIŤ CWatM,СПРИ CWatM,ZASTAVIT CWatM,ЗУПИНИТИ CWatM
115,Remove the red marks and bookmarks set by Check settingsfile. Press again (F4) to re-check.,"Die roten Markierungen und Lesezeichen von „Einstellungsdatei prüfen“ entfernen. Erneut drücken (F4), um neu zu prüfen.",Rimuovi i segni rossi e i segnalibri impostati da Controlla file di impostazioni. Premi di nuovo (F4) per ricontrollare.,A Beállításfájl ellenőrzése által beállított piros jelölések és könyvjelzők eltávolítása. Nyomja meg újra (F4) az újraellenőrzéshez.,Elimină marcajele roșii și semnele de carte setate de Verifică fișierul de setări. Apasă din nou (F4) pentru a reverifica.,Ukloni crvene oznake i obeleživače koje je postavila Provera datoteke podešavanja. Pritisnite ponovo (F4) za ponovnu proveru.,Ukloni crvene oznake i knjižne oznake koje je postavila Provjera datoteke postavki. Pritisnite ponovno (F4) za ponovnu provjeru.,Odstrániť červené označenia a záložky nastavené kontrolou súboru nastavení. Stlačte znova (F4) na novú kontrolu.,"Премахни червените маркировки и отметки, поставени от проверката на файла с настройки. Натиснете отново (F4) за нова проверка.",Odstranit červená označení a záložky nastavené kontrolou souboru nastavení. Stiskněte znovu (F4) pro novou kontrolu.,"Прибрати червоні позначки й закладки, встановлені перевіркою файлу налаштувань. Натисніть ще раз (F4), щоб перевірити знову."
116,Check every filename value in the settings; mark + bookmark lines whose file does not exist. Press again (F4) to clear the marks.,"Jeden Dateinamen in den Einstellungen prüfen; Zeilen, deren Datei nicht existiert, markieren und mit Lesezeichen versehen. Erneut drücken (F4), um die Markierungen zu entfernen.",Controlla ogni nome di file nelle impostazioni; segna e aggiungi un segnalibro alle righe il cui file non esiste. Premi di nuovo (F4) per rimuovere i segni.,Minden fájlnév ellenőrzése a beállításokban; a nem létező fájlra mutató sorok jelölése és könyvjelzővel ellátása. Nyomja meg újra (F4) a jelölések törléséhez.,Verifică fiecare nume de fișier din setări; marchează și pune semn de carte pe liniile al căror fișier nu există. Apasă din nou (F4) pentru a elimina marcajele.,Proveri svako ime datoteke u podešavanjima; označi i obeleži linije čija datoteka ne postoji. Pritisnite ponovo (F4) da uklonite oznake.,Provjeri svaki naziv datoteke u postavkama; označi retke čija datoteka ne postoji i dodaj im knjižnu oznaku. Pritisnite ponovno (F4) za uklanjanje oznaka.,"Skontrolovať každý názov súboru v nastaveniach; označiť riadky, ktorých súbor neexistuje, a pridať im záložku. Stlačte znova (F4) na odstránenie označení.","Провери всяко име на файл в настройките; маркирай и постави отметка на редовете, чийто файл не съществува. Натиснете отново (F4), за да изчистите маркировките.","Zkontrolovat každý název souboru v nastavení; označit řádky, jejichž soubor neexistuje, a přidat jim záložku. Stiskněte znovu (F4) pro odstranění označení.","Перевірити кожне ім'я файлу в налаштуваннях; позначити й додати закладку до рядків, файл яких не існує. Натисніть ще раз (F4), щоб прибрати позначки."
117,"Open another, empty tab - load or drop a settings file into it","Einen weiteren, leeren Tab öffnen – eine Einstellungsdatei hineinladen oder hineinziehen",Apri un'altra scheda vuota - carica o trascina un file di impostazioni al suo interno,"Új, üres lap megnyitása - töltsön be vagy húzzon bele egy beállításfájlt",Deschide o altă filă goală - încarcă sau trage un fișier de setări în ea,"Otvori još jednu, praznu karticu - učitajte ili prevucite datoteku podešavanja u nju","Otvori još jednu, praznu karticu - učitajte ili povucite datoteku postavki u nju","Otvoriť ďalšiu, prázdnu kartu - načítajte alebo presuňte do nej súbor nastavení",Отвори още един празен раздел - заредете или плъзнете файл с настройки в него,"Otevřít další, prázdnou kartu - načtěte nebo přetáhněte do ní soubor nastavení",Відкрити ще одну порожню вкладку - завантажте або перетягніть у неї файл налаштувань
118,Remove the green Compare Tab colouring,Die grüne Färbung von „Tab vergleichen“ entfernen,Rimuovi la colorazione verde di Confronta scheda,A Lap összehasonlítása zöld színezésének eltávolítása,Elimină colorarea verde de la Compară fila,Ukloni zeleno bojenje od Uporedi karticu,Ukloni zeleno bojenje od Usporedi karticu,Odstrániť zelené zafarbenie z Porovnať kartu,Премахни зеленото оцветяване от Сравни раздел,Odstranit zelené obarvení z Porovnat kartu,Прибрати зелене розфарбування від Порівняти вкладку
119,Delete Tab,Tab löschen,Elimina scheda,Lap törlése,Șterge fila,Obriši karticu,Izbriši karticu,Odstrániť kartu,Изтрий раздел,Odstranit kartu,Видалити вкладку
120,Close this tab (asks about unsaved changes),Diesen Tab schließen (fragt nach ungespeicherten Änderungen),Chiudi questa scheda (chiede delle modifiche non salvate),A lap bezárása (rákérdez a nem mentett változásokra),Închide această filă (întreabă despre modificările nesalvate),Zatvori ovu karticu (pita za nesačuvane izmene),Zatvori ovu karticu (pita za nespremljene promjene),Zavrieť túto kartu (opýta sa na neuložené zmeny),Затвори този раздел (пита за незапазени промени),Zavřít tuto kartu (zeptá se na neuložené změny),Закрити цю вкладку (запитає про незбережені зміни)
121,Copy Tab,Tab kopieren,Copia scheda,Lap másolása,Copiază fila,Kopiraj karticu,Kopiraj karticu,Kopírovať kartu,Копирай раздел,Kopírovat kartu,Копіювати вкладку
122,Write this tab's content to {os.path.basename(next_copy_path(tab.file_path))} in the same folder and open it in a new tab,Den Inhalt dieses Tabs nach {os.path.basename(next_copy_path(tab.file_path))} im selben Ordner schreiben und in einem neuen Tab öffnen,Scrivi il contenuto di questa scheda in {os.path.basename(next_copy_path(tab.file_path))} nella stessa cartella e aprilo in una nuova scheda,"A lap tartalmának kiírása ide: {os.path.basename(next_copy_path(tab.file_path))} ugyanabban a mappában, és megnyitása új lapon",Scrie conținutul acestei file în {os.path.basename(next_copy_path(tab.file_path))} în același folder și deschide-l într-o filă nouă,Upiši sadržaj ove kartice u {os.path.basename(next_copy_path(tab.file_path))} u istoj fascikli i otvori ga u novoj kartici,Zapiši sadržaj ove kartice u {os.path.basename(next_copy_path(tab.file_path))} u istoj mapi i otvori ga u novoj kartici,Zapísať obsah tejto karty do {os.path.basename(next_copy_path(tab.file_path))} v rovnakom priečinku a otvoriť ho v novej karte,Запиши съдържанието на този раздел в {os.path.basename(next_copy_path(tab.file_path))} в същата папка и го отвори в нов раздел,Zapsat obsah této karty do {os.path.basename(next_copy_path(tab.file_path))} ve stejné složce a otevřít jej v nové kartě,Записати вміст цієї вкладки в {os.path.basename(next_copy_path(tab.file_path))} у тій самій папці та відкрити в новій вкладці
123,This tab has no settings file yet - nothing to copy,Dieser Tab hat noch keine Einstellungsdatei – nichts zu kopieren,Questa scheda non ha ancora un file di impostazioni - niente da copiare,Ennek a lapnak még nincs beállításfájlja - nincs mit másolni,Această filă nu are încă un fișier de setări - nimic de copiat,Ova kartica još nema datoteku podešavanja - nema šta da se kopira,Ova kartica još nema datoteku postavki - nema se što kopirati,Táto karta ešte nemá súbor nastavení - nie je čo kopírovať,Този раздел още няма файл с настройки - няма какво да се копира,Tato karta ještě nemá soubor nastavení - není co kopírovat,Ця вкладка ще не має файлу налаштувань - нічого копіювати
124,Compare,Vergleichen,Confronta,Összehasonlítás,Compară,Uporedi,Usporedi,Porovnať,Сравни,Porovnat,Порівняти
125,Only one tab is open - nothing to compare with,Nur ein Tab ist geöffnet – nichts zum Vergleichen,È aperta una sola scheda - niente con cui confrontare,Csak egy lap van nyitva - nincs mivel összehasonlítani,Este deschisă o singură filă - nimic cu care să compari,Otvorena je samo jedna kartica - nema sa čim da se poredi,Otvorena je samo jedna kartica - nema se s čime usporediti,Otvorená je iba jedna karta - nie je s čím porovnávať,Отворен е само един раздел - няма с какво да се сравни,Otevřena je pouze jedna karta - není s čím porovnávat,Відкрито лише одну вкладку - нема з чим порівнювати
126,Compares this settingsfile to the next Tab,Vergleicht diese Einstellungsdatei mit dem nächsten Tab,Confronta questo file di impostazioni con la scheda successiva,Ezt a beállításfájlt összehasonlítja a következő lappal,Compară acest fișier de setări cu fila următoare,Poredi ovu datoteku podešavanja sa sledećom karticom,Uspoređuje ovu datoteku postavki sa sljedećom karticom,Porovná tento súbor nastavení s ďalšou kartou,Сравнява този файл с настройки със следващия раздел,Porovná tento soubor nastavení s další kartou,Порівнює цей файл налаштувань із наступною вкладкою
127,Run CWatM,CWatM starten,Avvia CWatM,CWatM indítása,Pornește CWatM,Pokreni CWatM,Pokreni CWatM,Spustiť CWatM,Стартирай CWatM,Spustit CWatM,Запустити CWatM
128,"Run this tab's settings file in a separate window ({os.path.basename(tab.file_path)}, as saved on disk)","Die Einstellungsdatei dieses Tabs in einem separaten Fenster starten ({os.path.basename(tab.file_path)}, wie auf der Festplatte gespeichert)","Esegui il file di impostazioni di questa scheda in una finestra separata ({os.path.basename(tab.file_path)}, come salvato su disco)","A lap beállításfájljának futtatása külön ablakban ({os.path.basename(tab.file_path)}, a lemezre mentett állapotban)","Rulează fișierul de setări al acestei file într-o fereastră separată ({os.path.basename(tab.file_path)}, așa cum este salvat pe disc)","Pokreni datoteku podešavanja ove kartice u zasebnom prozoru ({os.path.basename(tab.file_path)}, kako je sačuvana na disku)","Pokreni datoteku postavki ove kartice u zasebnom prozoru ({os.path.basename(tab.file_path)}, kako je spremljena na disku)","Spustiť súbor nastavení tejto karty v samostatnom okne ({os.path.basename(tab.file_path)}, ako je uložený na disku)","Изпълни файла с настройки на този раздел в отделен прозорец ({os.path.basename(tab.file_path)}, както е запазен на диска)","Spustit soubor nastavení této karty v samostatném okně ({os.path.basename(tab.file_path)}, jak je uložen na disku)","Запустити файл налаштувань цієї вкладки в окремому вікні ({os.path.basename(tab.file_path)}, як збережено на диску)"
129,This tab has no settings file yet - nothing to run,Dieser Tab hat noch keine Einstellungsdatei – nichts zu starten,Questa scheda non ha ancora un file di impostazioni - niente da eseguire,Ennek a lapnak még nincs beállításfájlja - nincs mit futtatni,Această filă nu are încă un fișier de setări - nimic de rulat,Ova kartica još nema datoteku podešavanja - nema šta da se pokrene,Ova kartica još nema datoteku postavki - nema se što pokrenuti,Táto karta ešte nemá súbor nastavení - nie je čo spustiť,Този раздел още няма файл с настройки - няма какво да се изпълни,Tato karta ještě nemá soubor nastavení - není co spustit,Ця вкладка ще не має файлу налаштувань - нічого запускати
130,Link scrolling,Scrollen koppeln,Collega lo scorrimento,Görgetés összekapcsolása,Legare derulare,Poveži pomeranje,Poveži pomicanje,Prepojiť posúvanie,Свържи превъртането,Propojit posouvání,Зв'язати прокручування
131,The first tab has no previous tab to link to,Der erste Tab hat keinen vorherigen Tab zum Koppeln,La prima scheda non ha una scheda precedente a cui collegarsi,"Az első lapnak nincs előző lapja, amelyhez kapcsolódhatna",Prima filă nu are o filă anterioară de care să se lege,Prva kartica nema prethodnu karticu za povezivanje,Prva kartica nema prethodnu karticu za povezivanje,Prvá karta nemá predchádzajúcu kartu na prepojenie,"Първият раздел няма предишен раздел, с който да се свърже",První karta nemá předchozí kartu k propojení,Перша вкладка не має попередньої вкладки для зв'язування
132,"Scroll this tab together with {prev_name}: scrolling one moves the other to the same place, so switching between them keeps you at the same lines","Diesen Tab zusammen mit {prev_name} scrollen: Scrollen des einen bewegt den anderen an dieselbe Stelle, sodass man beim Wechseln an denselben Zeilen bleibt","Scorri questa scheda insieme a {prev_name}: scorrendo una, l'altra si sposta nello stesso punto, così passando dall'una all'altra resti sulle stesse righe","A lap görgetése a(z) {prev_name} lappal együtt: az egyik görgetése a másikat ugyanoda viszi, így váltáskor ugyanazoknál a soroknál marad","Derulează această filă împreună cu {prev_name}: derularea uneia o mută pe cealaltă în același loc, astfel încât la comutare rămâi la aceleași linii","Pomeraj ovu karticu zajedno sa {prev_name}: pomeranje jedne pomera drugu na isto mesto, pa pri prebacivanju ostajete na istim linijama","Pomiči ovu karticu zajedno s {prev_name}: pomicanje jedne pomiče drugu na isto mjesto, pa pri prebacivanju ostajete na istim retcima","Posúvať túto kartu spolu s {prev_name}: posunutie jednej presunie druhú na rovnaké miesto, takže pri prepínaní zostanete na rovnakých riadkoch","Превъртай този раздел заедно с {prev_name}: превъртането на единия мести другия на същото място, така че при превключване оставате на същите редове","Posouvat tuto kartu spolu s {prev_name}: posunutí jedné přesune druhou na stejné místo, takže při přepínání zůstanete na stejných řádcích","Прокручувати цю вкладку разом із {prev_name}: прокручування однієї переміщує іншу в те саме місце, тож при перемиканні ви залишаєтеся на тих самих рядках"
133,"Drag the handles to set Start (green), Spin (orange) and End (red); the band shows the forcing coverage","Die Griffe ziehen, um Start (grün), Spin (orange) und Ende (rot) zu setzen; das Band zeigt den Zeitraum der Antriebsdaten","Trascina le maniglie per impostare Inizio (verde), Spin (arancione) e Fine (rosso); la banda mostra la copertura dei dati meteorologici","Húzza a fogantyúkat a Kezdet (zöld), Spin (narancs) és Vég (piros) beállításához; a sáv a meteorológiai adatok lefedettségét mutatja","Trage mânerele pentru a seta Început (verde), Spin (portocaliu) și Sfârșit (roșu); banda arată acoperirea datelor meteorologice","Prevucite ručke da postavite Početak (zeleno), Spin (narandžasto) i Kraj (crveno); traka prikazuje pokrivenost meteoroloških podataka","Povucite ručke za postavljanje Početka (zeleno), Spina (narančasto) i Kraja (crveno); traka prikazuje pokrivenost meteoroloških podataka","Potiahnutím úchytov nastavíte Začiatok (zelená), Spin (oranžová) a Koniec (červená); pás ukazuje pokrytie meteorologickými údajmi","Плъзнете манипулаторите, за да зададете Начало (зелено), Spin (оранжево) и Край (червено); лентата показва покритието с метеорологични данни","Tažením úchytů nastavíte Začátek (zelená), Spin (oranžová) a Konec (červená); pás ukazuje pokrytí meteorologickými daty","Перетягніть маркери, щоб задати Початок (зелений), Spin (помаранчевий) і Кінець (червоний); смуга показує покриття метеорологічними даними"
134,Pick a date,Datum wählen,Scegli una data,Dátum választása,Alege o dată,Izaberi datum,Odaberi datum,Vybrať dátum,Избери дата,Vybrat datum,Вибрати дату
135,Remove single years,Einzelne Jahre entfernen,Rimuovi singoli anni,Egyes évek eltávolítása,Elimină anii individuali,Ukloni pojedinačne godine,Ukloni pojedine godine,Odstrániť jednotlivé roky,Премахни отделните години,Odstranit jednotlivé roky,Прибрати окремі роки
136,Removes the single years - only average is shown,Entfernt die einzelnen Jahre – nur der Mittelwert wird angezeigt,Rimuove i singoli anni - viene mostrata solo la media,Eltávolítja az egyes éveket - csak az átlag látszik,Elimină anii individuali - se afișează doar media,Uklanja pojedinačne godine - prikazuje se samo prosek,Uklanja pojedine godine - prikazuje se samo prosjek,Odstráni jednotlivé roky - zobrazí sa iba priemer,Премахва отделните години - показва се само средното,Odstraní jednotlivé roky - zobrazí se pouze průměr,Прибирає окремі роки - показано лише середнє
137,Show Percentile bands,Perzentilbänder anzeigen,Mostra bande percentili,Percentilis sávok megjelenítése,Afișează benzile de percentile,Prikaži percentilne pojaseve,Prikaži percentilne pojaseve,Zobraziť percentilové pásma,Покажи перцентилни ленти,Zobrazit percentilová pásma,Показати процентильні смуги
138,Shows the cross-year 0-100% and 40-60% percentile bands,Zeigt die jahresübergreifenden Perzentilbänder 0–100 % und 40–60 %,Mostra le bande percentili 0-100% e 40-60% tra gli anni,Az évek közötti 0-100% és 40-60% percentilis sávok megjelenítése,Afișează benzile de percentile 0-100% și 40-60% între ani,Prikazuje međugodišnje percentilne pojaseve 0-100% i 40-60%,Prikazuje međugodišnje percentilne pojaseve 0-100% i 40-60%,Zobrazí medziročné percentilové pásma 0-100% a 40-60%,Показва междугодишните перцентилни ленти 0-100% и 40-60%,Zobrazí meziroční percentilová pásma 0-100% a 40-60%,Показує міжрічні процентильні смуги 0-100% і 40-60%
139,Save as csv,Als csv speichern,Salva come csv,Mentés csv-ként,Salvează ca csv,Sačuvaj kao csv,Spremi kao csv,Uložiť ako csv,Запази като csv,Uložit jako csv,Зберегти як csv
140,"Save the duration table as a csv - rows = exceedance probability, one column per calendar year","Die Dauerlinientabelle als csv speichern – Zeilen = Überschreitungswahrscheinlichkeit, eine Spalte pro Kalenderjahr","Salva la tabella di durata come csv - righe = probabilità di superamento, una colonna per anno solare","A tartóssági táblázat mentése csv-ként - sorok = túllépési valószínűség, naptári évenként egy oszlop","Salvează tabelul de durată ca csv - rânduri = probabilitate de depășire, o coloană pentru fiecare an calendaristic","Sačuvaj tabelu trajanja kao csv - redovi = verovatnoća prekoračenja, jedna kolona po kalendarskoj godini","Spremi tablicu trajanja kao csv - retci = vjerojatnost prekoračenja, jedan stupac po kalendarskoj godini","Uložiť tabuľku čiary prekročenia ako csv - riadky = pravdepodobnosť prekročenia, jeden stĺpec na kalendárny rok","Запази таблицата на продължителност като csv - редове = вероятност за превишаване, по една колона за календарна година","Uložit tabulku čáry překročení jako csv - řádky = pravděpodobnost překročení, jeden sloupec na kalendářní rok","Зберегти таблицю забезпеченості як csv - рядки = імовірність перевищення, по одному стовпцю на календарний рік"
141,Save HTML,HTML speichern,Salva HTML,HTML mentése,Salvează HTML,Sačuvaj HTML,Spremi HTML,Uložiť HTML,Запази HTML,Uložit HTML,Зберегти HTML
142,Save the plot as a self-contained HTML file (opens in any browser),Die Grafik als eigenständige HTML-Datei speichern (öffnet in jedem Browser),Salva il grafico come file HTML autonomo (si apre in qualsiasi browser),Az ábra mentése önálló HTML-fájlként (bármely böngészőben megnyílik),Salvează graficul ca fișier HTML independent (se deschide în orice browser),Sačuvaj grafikon kao samostalnu HTML datoteku (otvara se u svakom pregledaču),Spremi grafikon kao samostalnu HTML datoteku (otvara se u svakom pregledniku),Uložiť graf ako samostatný súbor HTML (otvorí sa v každom prehliadači),Запази графиката като самостоятелен HTML файл (отваря се във всеки браузър),Uložit graf jako samostatný soubor HTML (otevře se v každém prohlížeči),Зберегти графік як самостійний HTML-файл (відкривається в будь-якому браузері)
143,Show single years,Einzelne Jahre anzeigen,Mostra singoli anni,Egyes évek megjelenítése,Afișează anii individuali,Prikaži pojedinačne godine,Prikaži pojedine godine,Zobraziť jednotlivé roky,Покажи отделните години,Zobrazit jednotlivé roky,Показати окремі роки
144,Hide Percentile bands,Perzentilbänder ausblenden,Nascondi bande percentili,Percentilis sávok elrejtése,Ascunde benzile de percentile,Sakrij percentilne pojaseve,Sakrij percentilne pojaseve,Skryť percentilové pásma,Скрий перцентилните ленти,Skrýt percentilová pásma,Сховати процентильні смуги
145,"Save the regime table as a csv - rows = day (or month), one column per calendar year","Die Regimetabelle als csv speichern – Zeilen = Tag (oder Monat), eine Spalte pro Kalenderjahr","Salva la tabella del regime come csv - righe = giorno (o mese), una colonna per anno solare","A rezsimtáblázat mentése csv-ként - sorok = nap (vagy hónap), naptári évenként egy oszlop","Salvează tabelul regimului ca csv - rânduri = zi (sau lună), o coloană pentru fiecare an calendaristic","Sačuvaj tabelu režima kao csv - redovi = dan (ili mesec), jedna kolona po kalendarskoj godini","Spremi tablicu režima kao csv - retci = dan (ili mjesec), jedan stupac po kalendarskoj godini","Uložiť tabuľku režimu ako csv - riadky = deň (alebo mesiac), jeden stĺpec na kalendárny rok","Запази таблицата на режима като csv - редове = ден (или месец), по една колона за календарна година","Uložit tabulku režimu jako csv - řádky = den (nebo měsíc), jeden sloupec na kalendářní rok","Зберегти таблицю режиму як csv - рядки = день (або місяць), по одному стовпцю на календарний рік"
146,◀ Backward,◀ Zurück,◀ Indietro,◀ Vissza,◀ Înapoi,◀ Nazad,◀ Natrag,◀ Späť,◀ Назад,◀ Zpět,◀ Назад
147,Show the previous station,Die vorherige Station anzeigen,Mostra la stazione precedente,Az előző állomás megjelenítése,Afișează stația precedentă,Prikaži prethodnu stanicu,Prikaži prethodnu postaju,Zobraziť predchádzajúcu stanicu,Покажи предишната станция,Zobrazit předchozí stanici,Показати попередній гідропост
148,Forward ▶,Vor ▶,Avanti ▶,Előre ▶,Înainte ▶,Napred ▶,Naprijed ▶,Ďalej ▶,Напред ▶,Vpřed ▶,Вперед ▶
149,Show the next station,Die nächste Station anzeigen,Mostra la stazione successiva,A következő állomás megjelenítése,Afișează stația următoare,Prikaži sledeću stanicu,Prikaži sljedeću postaju,Zobraziť ďalšiu stanicu,Покажи следващата станция,Zobrazit další stanici,Показати наступний гідропост
150,▶ Play,▶ Abspielen,▶ Riproduci,▶ Lejátszás,▶ Redă,▶ Pusti,▶ Reproduciraj,▶ Prehrať,▶ Пусни,▶ Přehrát,▶ Відтворити
151,Log scale,Log. Skala,Scala log,Log. skála,Scală log,Log. skala,Log. ljestvica,Log. škála,Лог. скала,Log. škála,Лог. шкала
152,Map the values to colour on a logarithmic scale,Die Werte auf einer logarithmischen Farbskala abbilden,Mappa i valori sui colori con una scala logaritmica,Az értékek színekhez rendelése logaritmikus skálán,Asociază valorile culorilor pe o scală logaritmică,Preslikaj vrednosti na boje logaritamskom skalom,Preslikaj vrijednosti na boje logaritamskom ljestvicom,Priradiť hodnoty farbám na logaritmickej škále,Съпостави стойностите с цветове по логаритмична скала,Přiřadit hodnoty barvám na logaritmické škále,Відображати значення в кольори за логарифмічною шкалою
153,Linear scale,Lineare Skala,Scala lineare,Lineáris skála,Scală liniară,Linearna skala,Linearna ljestvica,Lineárna škála,Линейна скала,Lineární škála,Лінійна шкала
154,Cancel,Abbrechen,Annulla,Mégse,Anulare,Otkaži,Odustani,Zrušiť,Отказ,Zrušit,Скасувати
155,Stop the running read (takes effect once the point in progress finishes),"Das laufende Einlesen stoppen (wirkt, sobald der aktuelle Punkt fertig ist)",Interrompi la lettura in corso (ha effetto quando il punto in elaborazione è terminato),A folyamatban lévő olvasás leállítása (az aktuális pont befejezése után lép érvénybe),Oprește citirea în curs (are efect după ce punctul în lucru se termină),Zaustavi tekuće čitanje (deluje kada se završi tačka u obradi),Zaustavi tekuće čitanje (djeluje kada se završi točka u obradi),Zastaviť prebiehajúce čítanie (prejaví sa po dokončení spracovávaného bodu),"Спри текущото четене (действа, след като точката в обработка приключи)",Zastavit probíhající čtení (projeví se po dokončení zpracovávaného bodu),"Зупинити поточне читання (діє, коли точка в обробці завершиться)"
156,"0% = OSM hidden + NetCDF fully opaque (only the NetCDF, on white); 100% = OSM fully visible + NetCDF 50% opaque on top","0 % = OSM ausgeblendet + NetCDF voll deckend (nur die NetCDF, auf Weiß); 100 % = OSM voll sichtbar + NetCDF 50 % deckend darüber","0% = OSM nascosta + NetCDF completamente opaco (solo il NetCDF, su bianco); 100% = OSM completamente visibile + NetCDF opaco al 50% sopra","0% = OSM rejtve + NetCDF teljesen fedő (csak a NetCDF, fehér alapon); 100% = OSM teljesen látható + NetCDF 50%-ban fedő felül","0% = OSM ascunsă + NetCDF complet opac (doar NetCDF, pe alb); 100% = OSM complet vizibilă + NetCDF opac 50% deasupra","0% = OSM skrivena + NetCDF potpuno neprovidan (samo NetCDF, na belom); 100% = OSM potpuno vidljiva + NetCDF 50% neprovidan preko","0% = OSM skrivena + NetCDF potpuno neproziran (samo NetCDF, na bijelom); 100% = OSM potpuno vidljiva + NetCDF 50% neproziran preko","0% = OSM skrytá + NetCDF úplne nepriehľadný (iba NetCDF, na bielom); 100% = OSM úplne viditeľná + NetCDF 50% nepriehľadný navrchu","0% = OSM скрита + NetCDF напълно непрозрачен (само NetCDF, на бяло); 100% = OSM напълно видима + NetCDF 50% непрозрачен отгоре","0% = OSM skrytá + NetCDF zcela neprůhledný (pouze NetCDF, na bílém); 100% = OSM zcela viditelná + NetCDF z 50% neprůhledný nahoře","0% = OSM прихована + NetCDF повністю непрозорий (лише NetCDF, на білому); 100% = OSM повністю видима + NetCDF на 50% непрозорий зверху"
157,Save the map as a self-contained HTML file (opens in any browser),Die Karte als eigenständige HTML-Datei speichern (öffnet in jedem Browser),Salva la mappa come file HTML autonomo (si apre in qualsiasi browser),A térkép mentése önálló HTML-fájlként (bármely böngészőben megnyílik),Salvează harta ca fișier HTML independent (se deschide în orice browser),Sačuvaj kartu kao samostalnu HTML datoteku (otvara se u svakom pregledaču),Spremi kartu kao samostalnu HTML datoteku (otvara se u svakom pregledniku),Uložiť mapu ako samostatný súbor HTML (otvorí sa v každom prehliadači),Запази картата като самостоятелен HTML файл (отваря се във всеки браузър),Uložit mapu jako samostatný soubor HTML (otevře se v každém prohlížeči),Зберегти карту як самостійний HTML-файл (відкривається в будь-якому браузері)
158,Load JSON,JSON laden,Carica JSON,JSON betöltése,Încarcă JSON,Učitaj JSON,Učitaj JSON,Načítať JSON,Зареди JSON,Načíst JSON,Завантажити JSON
159,Load a GeoJSON file and display it on the map,Eine GeoJSON-Datei laden und auf der Karte anzeigen,Carica un file GeoJSON e mostralo sulla mappa,GeoJSON fájl betöltése és megjelenítése a térképen,Încarcă un fișier GeoJSON și afișează-l pe hartă,Učitaj GeoJSON datoteku i prikaži je na karti,Učitaj GeoJSON datoteku i prikaži je na karti,Načítať súbor GeoJSON a zobraziť ho na mape,Зареди GeoJSON файл и го покажи на картата,Načíst soubor GeoJSON a zobrazit jej na mapě,Завантажити файл GeoJSON і показати його на карті
160,Load shape,Shape laden,Carica shape,Shape betöltése,Încarcă shape,Učitaj shape,Učitaj shape,Načítať shape,Зареди shape,Načíst shape,Завантажити shape
161,Load shapefile .shp,Shapefile .shp laden,Carica shapefile .shp,Shapefile .shp betöltése,Încarcă shapefile .shp,Učitaj shapefile .shp,Učitaj shapefile .shp,Načítať shapefile .shp,Зареди shapefile .shp,Načíst shapefile .shp,Завантажити shapefile .shp
162,Action,Aktion,Azione,Művelet,Acțiune,Akcija,Radnja,Akcia,Действие,Akce,Дія
163,Fast Display Timeserie,Schnelle Zeitreihenanzeige,Visualizzazione rapida serie temporale,Gyors idősor-megjelenítés,Afișare rapidă serie de timp,Brzi prikaz vremenske serije,Brzi prikaz vremenskog niza,Rýchle zobrazenie časového radu,Бързо показване на времеви ред,Rychlé zobrazení časové řady,Швидкий показ часового ряду
164,Plot the clicked point quickly using the map's timesteps but has gaps,"Den angeklickten Punkt schnell mit den Zeitschritten der Karte darstellen, aber mit Lücken","Traccia rapidamente il punto cliccato usando i passi temporali della mappa, ma con lacune","A kattintott pont gyors ábrázolása a térkép időlépéseivel, de hézagokkal","Reprezintă rapid punctul selectat folosind pașii de timp ai hărții, dar cu goluri","Brzo nacrtaj kliknutu tačku koristeći vremenske korake karte, ali sa prazninama","Brzo iscrtaj kliknutu točku pomoću vremenskih koraka karte, ali s prazninama","Rýchlo vykresliť kliknutý bod s časovými krokmi mapy, ale s medzerami","Бързо начертай щракнатата точка с времевите стъпки на картата, но с пропуски","Rychle vykreslit kliknutý bod s časovými kroky mapy, ale s mezerami","Швидко побудувати клацнуту точку за часовими кроками карти, але з пропусками"
165,Total Timeseries,Vollständige Zeitreihe,Serie temporale completa,Teljes idősor,Serie de timp completă,Potpuna vremenska serija,Potpuni vremenski niz,Úplný časový rad,Пълен времеви ред,Úplná časová řada,Повний часовий ряд
166,Load and plot the full timeseries (every timestep). Can take some time,Die vollständige Zeitreihe (jeder Zeitschritt) laden und darstellen. Kann etwas dauern,Carica e traccia la serie temporale completa (ogni passo temporale). Può richiedere tempo,A teljes idősor (minden időlépés) betöltése és ábrázolása. Eltarthat egy ideig,Încarcă și reprezintă seria de timp completă (fiecare pas de timp). Poate dura,Učitaj i nacrtaj potpunu vremensku seriju (svaki vremenski korak). Može potrajati,Učitaj i iscrtaj potpuni vremenski niz (svaki vremenski korak). Može potrajati,Načítať a vykresliť úplný časový rad (každý časový krok). Môže to chvíľu trvať,Зареди и начертай пълния времеви ред (всяка времева стъпка). Може да отнеме време,Načíst a vykreslit úplnou časovou řadu (každý časový krok). Může to chvíli trvat,Завантажити й побудувати повний часовий ряд (кожен часовий крок). Може тривати певний час
167,Compare A−B,Vergleich A−B,Confronto A−B,A−B összehasonlítás,Comparare A−B,Poređenje A−B,Usporedba A−B,Porovnanie A−B,Сравнение A−B,Porovnání A−B,Порівняння A−B
168,Load a second netcdf and shows the differences,Eine zweite NetCDF laden und die Unterschiede anzeigen,Carica un secondo netcdf e mostra le differenze,Egy második netcdf betöltése és a különbségek megjelenítése,Încarcă un al doilea netcdf și afișează diferențele,Učitaj drugi netcdf i prikaži razlike,Učitaj drugi netcdf i prikaži razlike,Načítať druhý netcdf a zobraziť rozdiely,Зареди втори netcdf и покажи разликите,Načíst druhý netcdf a zobrazit rozdíly,Завантажити другий netcdf і показати відмінності
169,Flow duration,Dauerlinie,Curva di durata,Tartóssági görbe,Curba de durată,Kriva trajanja,Krivulja trajanja,Čiara prekročenia,Крива на продължителност,Čára překročení,Крива забезпеченості
170,Displays a flow duration curve,Zeigt eine Abflussdauerlinie,Mostra una curva di durata delle portate,Vízhozam-tartóssági görbét jelenít meg,Afișează o curbă de durată a debitelor,Prikazuje krivu trajanja proticaja,Prikazuje krivulju trajanja protoka,Zobrazí čiaru prekročenia prietokov,Показва крива на продължителност на оттока,Zobrazí čáru překročení průtoků,Показує криву забезпеченості витрат
171,Flow regime,Abflussregime,Regime di portata,Lefolyási rezsim,Regim de scurgere,Režim proticaja,Režim protoka,Prietokový režim,Режим на оттока,Průtokový režim,Режим стоку
172,Displays a flow regime curve,Zeigt eine Abflussregime-Kurve,Mostra una curva del regime di portata,Lefolyási rezsim görbét jelenít meg,Afișează o curbă a regimului de scurgere,Prikazuje krivu režima proticaja,Prikazuje krivulju režima protoka,Zobrazí krivku prietokového režimu,Показва крива на режима на оттока,Zobrazí křivku průtokového režimu,Показує криву режиму стоку
173,Display,Darstellung,Visualizzazione,Megjelenítés,Afișare,Prikaz,Prikaz,Zobrazenie,Изглед,Zobrazení,Відображення
174,"Colour scale, OSM transparency and Basemap for this map","Farbskala, OSM-Transparenz und Grundkarte für diese Karte","Scala colori, trasparenza OSM e mappa di base per questa mappa","Színskála, OSM-átlátszóság és alaptérkép ehhez a térképhez","Scală de culori, transparență OSM și hartă de bază pentru această hartă","Skala boja, providnost OSM i osnovna karta za ovu kartu","Ljestvica boja, prozirnost OSM i osnovna karta za ovu kartu","Farebná škála, priehľadnosť OSM a podkladová mapa pre túto mapu","Цветова скала, прозрачност на OSM и основна карта за тази карта","Barevná škála, průhlednost OSM a podkladová mapa pro tuto mapu","Шкала кольорів, прозорість OSM і базова карта для цієї карти"
175,⏸ Pause,⏸ Pause,⏸ Pausa,⏸ Szünet,⏸ Pauză,⏸ Pauza,⏸ Pauza,⏸ Pozastaviť,⏸ Пауза,⏸ Pozastavit,⏸ Пауза
176,Clear compare,Vergleich aufheben,Cancella confronto,Összehasonlítás törlése,Șterge compararea,Obriši poređenje,Obriši usporedbu,Zrušiť porovnanie,Изчисти сравнението,Zrušit porovnání,Очистити порівняння
177,Save the time series as a CWatM result .csv (discharge_daily.csv format),Die Zeitreihe als CWatM-Ergebnis-.csv speichern (Format discharge_daily.csv),Salva la serie temporale come .csv di risultati CWatM (formato discharge_daily.csv),Az idősor mentése CWatM eredmény .csv-ként (discharge_daily.csv formátum),Salvează seria de timp ca .csv de rezultate CWatM (format discharge_daily.csv),Sačuvaj vremensku seriju kao .csv rezultata CWatM (format discharge_daily.csv),Spremi vremenski niz kao .csv rezultata CWatM (format discharge_daily.csv),Uložiť časový rad ako .csv výsledkov CWatM (formát discharge_daily.csv),Запази времевия ред като .csv с резултати на CWatM (формат discharge_daily.csv),Uložit časovou řadu jako .csv výsledků CWatM (formát discharge_daily.csv),Зберегти часовий ряд як .csv результатів CWatM (формат discharge_daily.csv)
178,Open another result .csv and overlay its time series on this plot,Eine weitere Ergebnis-.csv öffnen und ihre Zeitreihe in dieser Grafik überlagern,Apri un altro .csv di risultati e sovrapponi la sua serie temporale a questo grafico,Egy másik eredmény .csv megnyitása és idősorának ráhelyezése erre az ábrára,Deschide un alt .csv de rezultate și suprapune seria sa de timp pe acest grafic,Otvori drugi .csv rezultata i preklopi njegovu vremensku seriju na ovaj grafikon,Otvori drugi .csv rezultata i preklopi njegov vremenski niz na ovaj grafikon,Otvoriť ďalší .csv výsledkov a prekryť jeho časový rad na tomto grafe,Отвори друг .csv с резултати и наложи времевия му ред върху тази графика,Otevřít další .csv výsledků a překrýt jeho časovou řadu v tomto grafu,Відкрити інший .csv результатів і накласти його часовий ряд на цей графік
179,Load observed,Beobachtung laden,Carica osservati,Mért adatok betöltése,Încarcă observații,Učitaj osmotrene,Učitaj opažene,Načítať pozorované,Зареди наблюдения,Načíst pozorované,Завантажити спостереження
180,"Overlay an observed series (a CWatM result .csv or a simple date,value .csv) and show KGE / NSE / PBIAS / RMSE against the current series","Eine beobachtete Reihe überlagern (eine CWatM-Ergebnis-.csv oder eine einfache Datum,Wert-.csv) und KGE / NSE / PBIAS / RMSE gegenüber der aktuellen Reihe anzeigen","Sovrapponi una serie osservata (un .csv di risultati CWatM o un semplice .csv data,valore) e mostra KGE / NSE / PBIAS / RMSE rispetto alla serie corrente","Mért idősor ráhelyezése (CWatM eredmény .csv vagy egyszerű dátum,érték .csv) és a KGE / NSE / PBIAS / RMSE megjelenítése az aktuális idősorhoz képest","Suprapune o serie observată (un .csv de rezultate CWatM sau un .csv simplu dată,valoare) și afișează KGE / NSE / PBIAS / RMSE față de seria curentă","Preklopi osmotrenu seriju (.csv rezultata CWatM ili jednostavan .csv datum,vrednost) i prikaži KGE / NSE / PBIAS / RMSE u odnosu na trenutnu seriju","Preklopi opaženi niz (.csv rezultata CWatM ili jednostavan .csv datum,vrijednost) i prikaži KGE / NSE / PBIAS / RMSE u odnosu na trenutni niz","Prekryť pozorovaný rad (.csv výsledkov CWatM alebo jednoduchý .csv dátum,hodnota) a zobraziť KGE / NSE / PBIAS / RMSE voči aktuálnemu radu","Наложи наблюдаван ред (.csv с резултати на CWatM или прост .csv дата,стойност) и покажи KGE / NSE / PBIAS / RMSE спрямо текущия ред","Překrýt pozorovanou řadu (.csv výsledků CWatM nebo jednoduchý .csv datum,hodnota) a zobrazit KGE / NSE / PBIAS / RMSE vůči aktuální řadě","Накласти спостережуваний ряд (.csv результатів CWatM або простий .csv дата,значення) і показати KGE / NSE / PBIAS / RMSE відносно поточного ряду"
181,Clear observed,Beobachtung entfernen,Rimuovi osservati,Mért adatok törlése,Șterge observațiile,Obriši osmotrene,Obriši opažene,Odstrániť pozorované,Изчисти наблюденията,Odstranit pozorované,Очистити спостереження
182,Hide Mask,Maske ausblenden,Nascondi maschera,Maszk elrejtése,Ascunde masca,Sakrij masku,Sakrij masku,Skryť masku,Скрий маската,Skrýt masku,Сховати маску
183,Mask (N/A),Maske (n. v.),Maschera (N/D),Maszk (n. a.),Mască (N/A),Maska (N/D),Maska (N/D),Maska (N/A),Маска (н/д),Maska (N/A),Маска (н/д)
184,Create new Mask,Neue Maske erstellen,Crea nuova maschera,Új maszk létrehozása,Creează mască nouă,Napravi novu masku,Stvori novu masku,Vytvoriť novú masku,Създай нова маска,Vytvořit novou masku,Створити нову маску
185,Copy Mask,Maske kopieren,Copia maschera,Maszk másolása,Copiază masca,Kopiraj masku,Kopiraj masku,Kopírovať masku,Копирай маската,Kopírovat masku,Копіювати маску
186,Copy the mask location to the settings MaskMap field,Die Maskenposition in das MaskMap-Feld der Einstellungen kopieren,Copia la posizione della maschera nel campo MaskMap delle impostazioni,A maszk helyének másolása a beállítások MaskMap mezőjébe,Copiază poziția măștii în câmpul MaskMap din setări,Kopiraj položaj maske u polje MaskMap u podešavanjima,Kopiraj položaj maske u polje MaskMap u postavkama,Skopírovať polohu masky do poľa MaskMap v nastaveniach,Копирай позицията на маската в полето MaskMap на настройките,Zkopírovat polohu masky do pole MaskMap v nastavení,Копіювати розташування маски в поле MaskMap налаштувань
187,Zoom to Mask,Auf Maske zoomen,Zoom sulla maschera,Nagyítás a maszkra,Zoom pe mască,Zumiraj na masku,Zumiraj na masku,Priblížiť na masku,Мащабирай до маската,Přiblížit na masku,Масштабувати до маски
188,Create gauge,Pegel erstellen,Crea stazione,Mérőállomás létrehozása,Creează stație,Napravi mernu stanicu,Stvori mjernu postaju,Vytvoriť stanicu,Създай станция,Vytvořit stanici,Створити гідропост
189,Copy Gauge,Pegel kopieren,Copia stazione,Mérőállomás másolása,Copiază stația,Kopiraj mernu stanicu,Kopiraj mjernu postaju,Kopírovať stanicu,Копирай станцията,Kopírovat stanici,Копіювати гідропост
190,Write ALL displayed gauges to the main-window Gauges box,ALLE angezeigten Pegel in das Gauges-Feld des Hauptfensters schreiben,Scrivi TUTTE le stazioni visualizzate nel campo Gauges della finestra principale,AZ ÖSSZES megjelenített mérőállomás kiírása a főablak Gauges mezőjébe,Scrie TOATE stațiile afișate în câmpul Gauges al ferestrei principale,Upiši SVE prikazane merne stanice u polje Gauges glavnog prozora,Zapiši SVE prikazane mjerne postaje u polje Gauges glavnog prozora,Zapísať VŠETKY zobrazené stanice do poľa Gauges hlavného okna,Запиши ВСИЧКИ показани станции в полето Gauges на главния прозорец,Zapsat VŠECHNY zobrazené stanice do pole Gauges hlavního okna,Записати ВСІ показані гідропости в поле Gauges головного вікна
191,"0% = OSM hidden + ups.nc fully opaque (only the data, on white); 100% = OSM fully visible + ups.nc 50% opaque on top","0 % = OSM ausgeblendet + ups.nc voll deckend (nur die Daten, auf Weiß); 100 % = OSM voll sichtbar + ups.nc 50 % deckend darüber","0% = OSM nascosta + ups.nc completamente opaco (solo i dati, su bianco); 100% = OSM completamente visibile + ups.nc opaco al 50% sopra","0% = OSM rejtve + ups.nc teljesen fedő (csak az adatok, fehér alapon); 100% = OSM teljesen látható + ups.nc 50%-ban fedő felül","0% = OSM ascunsă + ups.nc complet opac (doar datele, pe alb); 100% = OSM complet vizibilă + ups.nc opac 50% deasupra","0% = OSM skrivena + ups.nc potpuno neprovidan (samo podaci, na belom); 100% = OSM potpuno vidljiva + ups.nc 50% neprovidan preko","0% = OSM skrivena + ups.nc potpuno neproziran (samo podaci, na bijelom); 100% = OSM potpuno vidljiva + ups.nc 50% neproziran preko","0% = OSM skrytá + ups.nc úplne nepriehľadný (iba údaje, na bielom); 100% = OSM úplne viditeľná + ups.nc 50% nepriehľadný navrchu","0% = OSM скрита + ups.nc напълно непрозрачен (само данните, на бяло); 100% = OSM напълно видима + ups.nc 50% непрозрачен отгоре","0% = OSM skrytá + ups.nc zcela neprůhledný (pouze data, na bílém); 100% = OSM zcela viditelná + ups.nc z 50% neprůhledný nahoře","0% = OSM прихована + ups.nc повністю непрозорий (лише дані, на білому); 100% = OSM повністю видима + ups.nc на 50% непрозорий зверху"
192,Mask,Maske,Maschera,Maszk,Mască,Maska,Maska,Maska,Маска,Maska,Маска
193,Gauge,Pegel,Stazione,Mérőállomás,Stație,Merna stanica,Mjerna postaja,Stanica,Станция,Stanice,Гідропост
194,Copy gauge,Pegel kopieren,Copia stazione,Mérőállomás másolása,Copiază stația,Kopiraj mernu stanicu,Kopiraj mjernu postaju,Kopírovať stanicu,Копирай станцията,Kopírovat stanici,Копіювати гідропост
195,Show Mask,Maske anzeigen,Mostra maschera,Maszk megjelenítése,Afișează masca,Prikaži masku,Prikaži masku,Zobraziť masku,Покажи маската,Zobrazit masku,Показати маску
196,Run all,Alle starten,Avvia tutti,Összes indítása,Rulează toate,Pokreni sve,Pokreni sve,Spustiť všetky,Стартирай всички,Spustit vše,Запустити всі
197,Stop all,Alle stoppen,Ferma tutti,Összes leállítása,Oprește toate,Zaustavi sve,Zaustavi sve,Zastaviť všetky,Спри всички,Zastavit vše,Зупинити всі
198,Import CSV,CSV importieren,Importa CSV,CSV importálása,Importă CSV,Uvezi CSV,Uvezi CSV,Importovať CSV,Импортирай CSV,Importovat CSV,Імпортувати CSV
199,"Read scenarios from a CSV: columns Scenario, PathOut, then one column per override key (build them in Excel and paste them here)","Szenarien aus einer CSV lesen: Spalten Scenario, PathOut, dann eine Spalte pro Überschreibungsschlüssel (in Excel erstellen und hier einfügen)","Leggi scenari da un CSV: colonne Scenario, PathOut, poi una colonna per chiave da sostituire (preparale in Excel e incollale qui)","Forgatókönyvek beolvasása CSV-ből: Scenario, PathOut oszlopok, majd felülírandó kulcsonként egy oszlop (Excelben elkészítve és ide beillesztve)","Citește scenarii dintr-un CSV: coloanele Scenario, PathOut, apoi câte o coloană pentru fiecare cheie de înlocuit (pregătește-le în Excel și lipește-le aici)","Učitaj scenarije iz CSV-a: kolone Scenario, PathOut, zatim po jedna kolona za svaki ključ zamene (napravite ih u Excelu i nalepite ovde)","Učitaj scenarije iz CSV-a: stupci Scenario, PathOut, zatim po jedan stupac za svaki ključ zamjene (izradite ih u Excelu i zalijepite ovdje)","Načítať scenáre z CSV: stĺpce Scenario, PathOut, potom jeden stĺpec na každý prepisovaný kľúč (pripravte ich v Exceli a vložte sem)","Прочети сценарии от CSV: колони Scenario, PathOut, след това по една колона за всеки заменян ключ (подгответе ги в Excel и ги поставете тук)","Načíst scénáře z CSV: sloupce Scenario, PathOut, pak jeden sloupec na každý přepisovaný klíč (připravte je v Excelu a vložte sem)","Прочитати сценарії з CSV: стовпці Scenario, PathOut, потім по одному стовпцю на кожен ключ заміни (підготуйте їх в Excel і вставте сюди)"
200,Export CSV,CSV exportieren,Esporta CSV,CSV exportálása,Exportă CSV,Izvezi CSV,Izvezi CSV,Exportovať CSV,Експортирай CSV,Exportovat CSV,Експортувати CSV
201,"Write the scenario table to a CSV - including each row's duration, status and last discharge, so it doubles as the batch's result summary","Die Szenariotabelle als CSV schreiben – einschließlich Dauer, Status und letztem Abfluss jeder Zeile, sodass sie auch als Ergebnisübersicht des Stapellaufs dient","Scrivi la tabella degli scenari in un CSV - con durata, stato e ultima portata di ogni riga, così serve anche come riepilogo dei risultati del batch","A forgatókönyv-táblázat kiírása CSV-be - soronként az időtartammal, állapottal és utolsó vízhozammal, így a köteg eredmény-összesítőjeként is szolgál","Scrie tabelul scenariilor într-un CSV - inclusiv durata, starea și ultimul debit al fiecărui rând, deci servește și ca rezumat al rezultatelor lotului","Upiši tabelu scenarija u CSV - uključujući trajanje, status i poslednji proticaj svakog reda, pa služi i kao pregled rezultata grupe","Zapiši tablicu scenarija u CSV - uključujući trajanje, status i zadnji protok svakog retka, pa služi i kao sažetak rezultata skupine","Zapísať tabuľku scenárov do CSV - vrátane trvania, stavu a posledného prietoku každého riadku, takže slúži aj ako súhrn výsledkov dávky","Запиши таблицата със сценарии в CSV - с продължителност, състояние и последен отток за всеки ред, така че служи и като обобщение на резултатите от пакета","Zapsat tabulku scénářů do CSV - včetně doby trvání, stavu a posledního průtoku každého řádku, takže slouží i jako souhrn výsledků dávky","Записати таблицю сценаріїв у CSV - з тривалістю, станом і останньою витратою кожного рядка, тож вона слугує й підсумком результатів пакета"
202,Add scenario,Szenario hinzufügen,Aggiungi scenario,Forgatókönyv hozzáadása,Adaugă scenariu,Dodaj scenario,Dodaj scenarij,Pridať scenár,Добави сценарий,Přidat scénář,Додати сценарій
203,Duplicate,Duplizieren,Duplica,Duplikálás,Duplică,Dupliraj,Dupliciraj,Duplikovať,Дублирай,Duplikovat,Дублювати
204,Remove,Entfernen,Rimuovi,Eltávolítás,Elimină,Ukloni,Ukloni,Odstrániť,Премахни,Odebrat,Вилучити
205,Clear,Leeren,Svuota,Ürítés,Golește,Obriši,Očisti,Vymazať,Изчисти,Vymazat,Очистити
206,Clear all scenarios and override columns and start fresh,Alle Szenarien und Überschreibungsspalten löschen und neu beginnen,Cancella tutti gli scenari e le colonne di sostituzione e ricomincia,Minden forgatókönyv és felülíró oszlop törlése és újrakezdés,Șterge toate scenariile și coloanele de înlocuire și începe din nou,Obriši sve scenarije i kolone zamena i počni iznova,Obriši sve scenarije i stupce zamjena i počni ispočetka,Vymazať všetky scenáre a stĺpce prepísaní a začať odznova,Изчисти всички сценарии и колони за замяна и започни отначало,Vymazat všechny scénáře a sloupce přepsání a začít znovu,Очистити всі сценарії та стовпці замін і почати спочатку
207,Compare results,Ergebnisse vergleichen,Confronta risultati,Eredmények összehasonlítása,Compară rezultatele,Uporedi rezultate,Usporedi rezultate,Porovnať výsledky,Сравни резултатите,Porovnat výsledky,Порівняти результати
208,Overlay the same result file of every finished scenario in one Timeseries plot,Dieselbe Ergebnisdatei aller fertigen Szenarien in einer Zeitreihengrafik überlagern,Sovrapponi lo stesso file di risultati di ogni scenario terminato in un unico grafico di serie temporale,Minden befejezett forgatókönyv azonos eredményfájljának ráhelyezése egyetlen idősor-ábrára,Suprapune același fișier de rezultate al fiecărui scenariu terminat într-un singur grafic de serie de timp,Preklopi istu datoteku rezultata svakog završenog scenarija u jednom grafikonu vremenske serije,Preklopi istu datoteku rezultata svakog završenog scenarija u jednom grafikonu vremenskog niza,Prekryť rovnaký súbor výsledkov každého dokončeného scenára v jednom grafe časového radu,Наложи един и същ файл с резултати от всеки завършен сценарий в една графика на времеви ред,Překrýt stejný soubor výsledků každého dokončeného scénáře v jednom grafu časové řady,Накласти той самий файл результатів кожного завершеного сценарію на один графік часового ряду
209,Sweep…,Variation…,Variazione…,Paraméterváltoztatás…,Variație…,Variranje…,Variranje…,Variácia…,Вариране…,Variace…,Варіювання…
210,Auto-generate scenario rows from a value list or range for one or more keys (the full grid for several keys),Szenariozeilen automatisch aus einer Werteliste oder einem Bereich für einen oder mehrere Schlüssel erzeugen (das volle Raster bei mehreren Schlüsseln),Genera automaticamente righe di scenario da un elenco o intervallo di valori per una o più chiavi (la griglia completa per più chiavi),Forgatókönyv-sorok automatikus létrehozása értéklistából vagy tartományból egy vagy több kulcsra (több kulcsnál a teljes rács),Generează automat rânduri de scenarii dintr-o listă sau un interval de valori pentru una sau mai multe chei (grila completă pentru mai multe chei),Automatski napravi redove scenarija iz liste ili opsega vrednosti za jedan ili više ključeva (puna mreža za više ključeva),Automatski stvori retke scenarija iz popisa ili raspona vrijednosti za jedan ili više ključeva (puna mreža za više ključeva),Automaticky vytvoriť riadky scenárov zo zoznamu alebo rozsahu hodnôt pre jeden alebo viac kľúčov (úplná mriežka pre viac kľúčov),Автоматично създай редове със сценарии от списък или диапазон от стойности за един или повече ключа (пълната мрежа за няколко ключа),Automaticky vytvořit řádky scénářů ze seznamu nebo rozsahu hodnot pro jeden nebo více klíčů (úplná mřížka pro více klíčů),Автоматично створити рядки сценаріїв зі списку або діапазону значень для одного чи кількох ключів (повна сітка для кількох ключів)
211,Add key column,Schlüsselspalte hinzufügen,Aggiungi colonna chiave,Kulcsoszlop hozzáadása,Adaugă coloană de cheie,Dodaj kolonu ključa,Dodaj stupac ključa,Pridať stĺpec kľúča,Добави колона за ключ,Přidat sloupec klíče,Додати стовпець ключа
212,Add the settings key on the editor's cursor line as an override column,Den Einstellungsschlüssel der Cursorzeile im Editor als Überschreibungsspalte hinzufügen,Aggiungi la chiave di impostazione della riga del cursore nell'editor come colonna di sostituzione,A szerkesztőben a kurzor sorában lévő beállításkulcs hozzáadása felülíró oszlopként,Adaugă cheia de setare de pe linia cursorului din editor ca coloană de înlocuire,Dodaj ključ podešavanja sa linije kursora u editoru kao kolonu zamene,Dodaj ključ postavke s retka kursora u uređivaču kao stupac zamjene,Pridať kľúč nastavenia z riadku kurzora v editore ako stĺpec prepísania,Добави ключа на настройката от реда на курсора в редактора като колона за замяна,Přidat klíč nastavení z řádku kurzoru v editoru jako sloupec přepsání,Додати ключ налаштування з рядка курсора в редакторі як стовпець заміни
213,Run,Lauf,Esecuzione,Futtatás,Rulare,Pokretanje,Pokretanje,Beh,Изпълнение,Běh,Запуск
214,"Parallel runs, Stop on first failure, Skip finished","Parallele Läufe, Beim ersten Fehler stoppen, Fertige überspringen","Esecuzioni parallele, Ferma al primo errore, Salta completati","Párhuzamos futások, Leállítás az első hibánál, Befejezettek kihagyása","Rulări paralele, Oprește la prima eroare, Sari peste cele terminate","Paralelna pokretanja, Zaustavi pri prvoj grešci, Preskoči završene","Paralelna pokretanja, Zaustavi pri prvoj pogrešci, Preskoči završene","Paralelné behy, Zastaviť pri prvej chybe, Preskočiť dokončené","Паралелни изпълнения, Спри при първата грешка, Пропусни завършените","Paralelní běhy, Zastavit při první chybě, Přeskočit dokončené","Паралельні запуски, Зупинити при першій помилці, Пропустити завершені"
215,"How many scenarios run at the same time.
This machine has {os.cpu_count() or '?'} logical cores - going much beyond half of them usually makes the whole batch slower.","Wie viele Szenarien gleichzeitig laufen.
Dieser Rechner hat {os.cpu_count() or '?'} logische Kerne – deutlich mehr als die Hälfte davon macht den ganzen Stapellauf meist langsamer.","Quanti scenari vengono eseguiti contemporaneamente.
Questo computer ha {os.cpu_count() or '?'} core logici - andare molto oltre la metà di solito rende l'intero batch più lento.","Hány forgatókönyv fut egyszerre.
Ennek a gépnek {os.cpu_count() or '?'} logikai magja van - a felüknél jóval többet használni általában lassítja a teljes köteget.","Câte scenarii rulează în același timp.
Acest calculator are {os.cpu_count() or '?'} nuclee logice - depășirea cu mult a jumătății lor încetinește de obicei întregul lot.","Koliko scenarija radi istovremeno.
Ovaj računar ima {os.cpu_count() or '?'} logičkih jezgara - znatno više od polovine obično usporava celu grupu.","Koliko scenarija radi istodobno.
Ovo računalo ima {os.cpu_count() or '?'} logičkih jezgri - znatno više od polovice obično usporava cijelu skupinu.","Koľko scenárov beží naraz.
Tento počítač má {os.cpu_count() or '?'} logických jadier - použitie oveľa viac ako polovice zvyčajne celú dávku spomalí.","Колко сценария се изпълняват едновременно.
Този компютър има {os.cpu_count() or '?'} логически ядра - доста над половината от тях обикновено забавя целия пакет.","Kolik scénářů běží současně.
Tento počítač má {os.cpu_count() or '?'} logických jader - použití mnohem více než poloviny obvykle celou dávku zpomalí.","Скільки сценаріїв виконується одночасно.
Цей комп'ютер має {os.cpu_count() or '?'} логічних ядер - значно більше за половину зазвичай сповільнює весь пакет."
216,Stop on first failure,Beim ersten Fehler stoppen,Ferma al primo errore,Leállítás az első hibánál,Oprește la prima eroare,Zaustavi pri prvoj grešci,Zaustavi pri prvoj pogrešci,Zastaviť pri prvej chybe,Спри при първата грешка,Zastavit při první chybě,Зупинити при першій помилці
217,"When a scenario fails, do not start the queued ones.
Scenarios already running are left to finish.","Wenn ein Szenario fehlschlägt, die wartenden nicht starten.
Bereits laufende Szenarien werden zu Ende geführt.","Quando uno scenario fallisce, non avviare quelli in coda.
Gli scenari già in esecuzione vengono completati.","Ha egy forgatókönyv sikertelen, a várakozók nem indulnak el.
A már futó forgatókönyvek befejeződnek.","Când un scenariu eșuează, nu le porni pe cele din coadă.
Scenariile deja pornite sunt lăsate să se termine.","Kada scenario ne uspe, ne pokreći one u redu čekanja.
Scenariji koji već rade se završavaju.","Kada scenarij ne uspije, ne pokreći one u redu čekanja.
Scenariji koji već rade se dovršavaju.","Keď scenár zlyhá, nespúšťať tie vo fronte.
Už bežiace scenáre sa dokončia.","Когато сценарий е неуспешен, не стартирай чакащите.
Вече работещите сценарии се оставят да завършат.","Když scénář selže, nespouštět ty ve frontě.
Již běžící scénáře se dokončí.","Коли сценарій завершується невдало, не запускати ті, що в черзі.
Сценарії, які вже виконуються, завершуються."
218,Skip finished,Fertige überspringen,Salta completati,Befejezettek kihagyása,Sari peste cele terminate,Preskoči završene,Preskoči završene,Preskočiť dokončené,Пропусни завършените,Přeskočit dokončené,Пропустити завершені
219,"Resume an interrupted batch: scenarios whose PathOut already holds results (.nc / .tss / .csv) are not run again.
'Run this scenario' from the row menu always runs, whatever is there.","Einen unterbrochenen Stapellauf fortsetzen: Szenarien, deren PathOut bereits Ergebnisse enthält (.nc / .tss / .csv), werden nicht erneut gestartet.
„Dieses Szenario starten“ im Zeilenmenü startet immer, egal was dort liegt.","Riprendi un batch interrotto: gli scenari il cui PathOut contiene già risultati (.nc / .tss / .csv) non vengono rieseguiti.
'Esegui questo scenario' dal menu della riga esegue sempre, qualunque cosa ci sia.","Megszakadt köteg folytatása: azok a forgatókönyvek, amelyek PathOut mappájában már vannak eredmények (.nc / .tss / .csv), nem futnak újra.
A sor menüjének 'Forgatókönyv futtatása' parancsa mindig futtat, bármi is van ott.","Reia un lot întrerupt: scenariile al căror PathOut conține deja rezultate (.nc / .tss / .csv) nu mai sunt rulate.
'Rulează acest scenariu' din meniul rândului rulează întotdeauna, orice ar exista acolo.","Nastavi prekinutu grupu: scenariji čiji PathOut već sadrži rezultate (.nc / .tss / .csv) se ne pokreću ponovo.
'Pokreni ovaj scenario' iz menija reda uvek pokreće, bez obzira na to šta je tamo.","Nastavi prekinutu skupinu: scenariji čiji PathOut već sadrži rezultate (.nc / .tss / .csv) ne pokreću se ponovno.
'Pokreni ovaj scenarij' iz izbornika retka uvijek pokreće, bez obzira na to što je ondje.","Pokračovať v prerušenej dávke: scenáre, ktorých PathOut už obsahuje výsledky (.nc / .tss / .csv), sa znova nespúšťajú.
'Spustiť tento scenár' z ponuky riadku spustí vždy, nech je tam čokoľvek.","Продължи прекъснат пакет: сценариите, чийто PathOut вече съдържа резултати (.nc / .tss / .csv), не се изпълняват отново.
'Изпълни този сценарий' от менюто на реда винаги изпълнява, каквото и да има там.","Pokračovat v přerušené dávce: scénáře, jejichž PathOut již obsahuje výsledky (.nc / .tss / .csv), se znovu nespouštějí.
'Spustit tento scénář' z nabídky řádku spustí vždy, ať je tam cokoli.","Продовжити перерваний пакет: сценарії, PathOut яких уже містить результати (.nc / .tss / .csv), не запускаються знову.
'Запустити цей сценарій' з меню рядка запускає завжди, хоч би що там було."
220,Replace the current scenarios,Aktuelle Szenarien ersetzen,Sostituisci gli scenari correnti,Az aktuális forgatókönyvek cseréje,Înlocuiește scenariile curente,Zameni trenutne scenarije,Zamijeni trenutne scenarije,Nahradiť aktuálne scenáre,Замени текущите сценарии,Nahradit aktuální scénáře,Замінити поточні сценарії
221,'Skip finished' is ticked and this PathOut already holds output files.,„Fertige überspringen“ ist angehakt und dieser PathOut enthält bereits Ausgabedateien.,'Salta completati' è selezionato e questo PathOut contiene già file di output.,"A 'Befejezettek kihagyása' be van jelölve, és ez a PathOut már tartalmaz kimeneti fájlokat.",'Sari peste cele terminate' este bifat și acest PathOut conține deja fișiere de ieșire.,'Preskoči završene' je označeno i ovaj PathOut već sadrži izlazne datoteke.,'Preskoči završene' je označeno i ovaj PathOut već sadrži izlazne datoteke.,'Preskočiť dokončené' je začiarknuté a tento PathOut už obsahuje výstupné súbory.,'Пропусни завършените' е отметнато и този PathOut вече съдържа изходни файлове.,'Přeskočit dokončené' je zaškrtnuto a tento PathOut již obsahuje výstupní soubory.,"'Пропустити завершені' позначено, і цей PathOut уже містить вихідні файли."
222,A scenario failed and 'Stop on first failure' was ticked.,Ein Szenario ist fehlgeschlagen und „Beim ersten Fehler stoppen“ war angehakt.,Uno scenario è fallito ed era selezionato 'Ferma al primo errore'.,"Egy forgatókönyv sikertelen volt, és a 'Leállítás az első hibánál' be volt jelölve.",Un scenariu a eșuat și 'Oprește la prima eroare' era bifat.,Scenario nije uspeo i 'Zaustavi pri prvoj grešci' je bilo označeno.,Scenarij nije uspio i 'Zaustavi pri prvoj pogrešci' je bilo označeno.,Scenár zlyhal a 'Zastaviť pri prvej chybe' bolo začiarknuté.,Сценарий е неуспешен и 'Спри при първата грешка' беше отметнато.,Scénář selhal a 'Zastavit při první chybě' bylo zaškrtnuto.,"Сценарій завершився невдало, і 'Зупинити при першій помилці' було позначено."
223,Run '{name}','{name}' starten,Esegui '{name}','{name}' futtatása,Rulează '{name}',Pokreni '{name}',Pokreni '{name}',Spustiť '{name}',Изпълни '{name}',Spustit '{name}',Запустити '{name}'
224,Run this scenario alone - or add it to a batch already running,Nur dieses Szenario starten – oder zu einem bereits laufenden Stapellauf hinzufügen,Esegui solo questo scenario - o aggiungilo a un batch già in esecuzione,Csak ennek a forgatókönyvnek a futtatása - vagy hozzáadása egy már futó köteghez,Rulează doar acest scenariu - sau adaugă-l la un lot deja în rulare,Pokreni samo ovaj scenario - ili ga dodaj grupi koja već radi,Pokreni samo ovaj scenarij - ili ga dodaj skupini koja već radi,Spustiť iba tento scenár - alebo ho pridať do už bežiacej dávky,Изпълни само този сценарий - или го добави към вече работещ пакет,Spustit pouze tento scénář - nebo jej přidat do již běžící dávky,"Запустити лише цей сценарій - або додати його до пакета, що вже виконується"
225,Re-run failed ({len(failed)}),Fehlgeschlagene neu starten ({len(failed)}),Riesegui falliti ({len(failed)}),Sikertelenek újrafuttatása ({len(failed)}),Rulează din nou cele eșuate ({len(failed)}),Ponovo pokreni neuspele ({len(failed)}),Ponovno pokreni neuspjele ({len(failed)}),Znova spustiť neúspešné ({len(failed)}),Изпълни отново неуспешните ({len(failed)}),Znovu spustit neúspěšné ({len(failed)}),Перезапустити невдалі ({len(failed)})
226,"Run every scenario that failed, errored or was stopped","Jedes Szenario starten, das fehlgeschlagen ist, einen Fehler hatte oder gestoppt wurde","Esegui ogni scenario fallito, andato in errore o fermato","Minden sikertelen, hibás vagy leállított forgatókönyv futtatása","Rulează fiecare scenariu care a eșuat, a dat eroare sau a fost oprit","Pokreni svaki scenario koji nije uspeo, imao grešku ili je zaustavljen","Pokreni svaki scenarij koji nije uspio, imao pogrešku ili je zaustavljen","Spustiť každý scenár, ktorý zlyhal, skončil chybou alebo bol zastavený","Изпълни всеки сценарий, който е неуспешен, с грешка или спрян","Spustit každý scénář, který selhal, skončil chybou nebo byl zastaven","Запустити кожен сценарій, який завершився невдало, з помилкою чи був зупинений"
227,Show log,Protokoll anzeigen,Mostra log,Napló megjelenítése,Afișează jurnalul,Prikaži dnevnik,Prikaži dnevnik,Zobraziť protokol,Покажи дневника,Zobrazit protokol,Показати журнал
228,This scenario's run output,Die Laufausgabe dieses Szenarios,L'output di esecuzione di questo scenario,A forgatókönyv futási kimenete,Ieșirea rulării acestui scenariu,Izlaz pokretanja ovog scenarija,Izlaz pokretanja ovog scenarija,Výstup behu tohto scenára,Изходът от изпълнението на този сценарий,Výstup běhu tohoto scénáře,Вивід запуску цього сценарію
229,It has not run yet,Es wurde noch nicht gestartet,Non è ancora stato eseguito,Még nem futott,Nu a rulat încă,Još nije pokrenut,Još nije pokrenut,Ešte nebežal,Още не е изпълнен,Ještě neběžel,Ще не запускався
230,Open output folder,Ausgabeordner öffnen,Apri cartella di output,Kimeneti mappa megnyitása,Deschide folderul de ieșire,Otvori izlaznu fasciklu,Otvori izlaznu mapu,Otvoriť výstupný priečinok,Отвори изходната папка,Otevřít výstupní složku,Відкрити вихідну папку
231,Show settings (diff vs base),Einstellungen anzeigen (Unterschied zur Basis),Mostra impostazioni (differenze rispetto alla base),Beállítások megjelenítése (eltérés az alaptól),Afișează setările (diferențe față de bază),Prikaži podešavanja (razlike u odnosu na osnovu),Prikaži postavke (razlike u odnosu na osnovu),Zobraziť nastavenia (rozdiel oproti základu),Покажи настройките (разлики спрямо основата),Zobrazit nastavení (rozdíl oproti základu),Показати налаштування (відмінності від бази)
232,What this scenario changes in the base settings file,Was dieses Szenario in der Basis-Einstellungsdatei ändert,Cosa cambia questo scenario nel file di impostazioni di base,Mit változtat ez a forgatókönyv az alap beállításfájlban,Ce modifică acest scenariu în fișierul de setări de bază,Šta ovaj scenario menja u osnovnoj datoteci podešavanja,Što ovaj scenarij mijenja u osnovnoj datoteci postavki,Čo tento scenár mení v základnom súbore nastavení,Какво променя този сценарий в основния файл с настройки,Co tento scénář mění v základním souboru nastavení,Що цей сценарій змінює в базовому файлі налаштувань
233,Open log file,Protokolldatei öffnen,Apri file di log,Naplófájl megnyitása,Deschide fișierul jurnal,Otvori datoteku dnevnika,Otvori datoteku dnevnika,Otvoriť súbor protokolu,Отвори файла на дневника,Otevřít soubor protokolu,Відкрити файл журналу
234,MaskMap is a coordinate ({value}) - Check Data needs a MaskMap map file,MaskMap ist eine Koordinate ({value}) – Daten prüfen benötigt eine MaskMap-Kartendatei,MaskMap è una coordinata ({value}) - Controlla dati richiede un file mappa MaskMap,A MaskMap egy koordináta ({value}) - az Adatok ellenőrzése MaskMap térképfájlt igényel,MaskMap este o coordonată ({value}) - Verifică datele necesită un fișier hartă MaskMap,MaskMap je koordinata ({value}) - Provera podataka zahteva datoteku karte MaskMap,MaskMap je koordinata ({value}) - Provjera podataka zahtijeva datoteku karte MaskMap,MaskMap je súradnica ({value}) - Kontrola údajov vyžaduje mapový súbor MaskMap,MaskMap е координата ({value}) - Проверката на данните изисква файл с карта MaskMap,MaskMap je souřadnice ({value}) - Kontrola dat vyžaduje mapový soubor MaskMap,MaskMap є координатою ({value}) - Перевірка даних потребує файл карти MaskMap
235,Run CWatM in check mode (-c) over the loaded settings file,CWatM im Prüfmodus (-c) mit der geladenen Einstellungsdatei ausführen,Esegui CWatM in modalità di controllo (-c) sul file di impostazioni caricato,CWatM futtatása ellenőrző módban (-c) a betöltött beállításfájllal,Rulează CWatM în modul de verificare (-c) cu fișierul de setări încărcat,Pokreni CWatM u režimu provere (-c) nad učitanom datotekom podešavanja,Pokreni CWatM u načinu provjere (-c) nad učitanom datotekom postavki,Spustiť CWatM v režime kontroly (-c) nad načítaným súborom nastavení,Стартирай CWatM в режим на проверка (-c) със заредения файл с настройки,Spustit CWatM v režimu kontroly (-c) nad načteným souborem nastavení,Запустити CWatM у режимі перевірки (-c) із завантаженим файлом налаштувань
236,Save result file as .csv,Ergebnisdatei als .csv speichern,Salva file dei risultati come .csv,Eredményfájl mentése .csv-ként,Salvează fișierul de rezultate ca .csv,Sačuvaj datoteku rezultata kao .csv,Spremi datoteku rezultata kao .csv,Uložiť súbor výsledkov ako .csv,Запази файла с резултати като .csv,Uložit soubor výsledků jako .csv,Зберегти файл результатів як .csv
237,Select discharge NetCDF file,Abfluss-NetCDF-Datei auswählen,Seleziona file NetCDF di portata,Vízhozam NetCDF fájl kiválasztása,Selectează fișierul NetCDF de debit,Izaberi NetCDF datoteku proticaja,Odaberi NetCDF datoteku protoka,Vybrať súbor NetCDF prietoku,Избери NetCDF файл с отток,Vybrat soubor NetCDF průtoku,Вибрати файл NetCDF витрат
238,Restore settings from discharge map,Einstellungen aus Abflusskarte wiederherstellen,Ripristina impostazioni dalla mappa di portata,Beállítások visszaállítása vízhozam-térképből,Restaurează setările din harta de debit,Vrati podešavanja iz karte proticaja,Vrati postavke iz karte protoka,Obnoviť nastavenia z mapy prietoku,Възстанови настройките от картата на оттока,Obnovit nastavení z mapy průtoku,Відновити налаштування з карти витрат
239,Run Check,Prüfung starten,Avvia controllo,Ellenőrzés indítása,Pornește verificarea,Pokreni proveru,Pokreni provjeru,Spustiť kontrolu,Стартирай проверката,Spustit kontrolu,Запустити перевірку
240,Select trouble,Probleme auswählen,Seleziona problemi,Problémák kijelölése,Selectează problemele,Izaberi probleme,Odaberi probleme,Vybrať problémy,Избери проблемите,Vybrat problémy,Вибрати проблеми
241,Copy Table,Tabelle kopieren,Copia tabella,Táblázat másolása,Copiază tabelul,Kopiraj tabelu,Kopiraj tablicu,Kopírovať tabuľku,Копирай таблицата,Kopírovat tabulku,Копіювати таблицю
242,Write the rows shown here to a .csv file,Die hier angezeigten Zeilen in eine .csv-Datei schreiben,Scrivi le righe mostrate qui in un file .csv,Az itt látható sorok kiírása .csv fájlba,Scrie rândurile afișate aici într-un fișier .csv,Upiši ovde prikazane redove u .csv datoteku,Zapiši ovdje prikazane retke u .csv datoteku,Zapísať tu zobrazené riadky do súboru .csv,Запиши показаните тук редове в .csv файл,Zapsat zde zobrazené řádky do souboru .csv,Записати показані тут рядки у файл .csv
243,Checking…,Prüfe…,Controllo…,Ellenőrzés…,Se verifică…,Provera…,Provjera…,Kontroluje sa…,Проверява се…,Kontroluje se…,Перевірка…
244,Show all,Alle anzeigen,Mostra tutto,Összes megjelenítése,Afișează tot,Prikaži sve,Prikaži sve,Zobraziť všetko,Покажи всички,Zobrazit vše,Показати все
245,{shown} of {table.rowCount()} rows match,{shown} von {table.rowCount()} Zeilen passen,{shown} di {table.rowCount()} righe corrispondono,{shown} / {table.rowCount()} sor egyezik,{shown} din {table.rowCount()} rânduri corespund,{shown} od {table.rowCount()} redova odgovara,{shown} od {table.rowCount()} redaka odgovara,{shown} z {table.rowCount()} riadkov vyhovuje,{shown} от {table.rowCount()} реда съвпадат,{shown} z {table.rowCount()} řádků odpovídá,{shown} з {table.rowCount()} рядків відповідають
246,Load,Laden,Carica,Betöltés,Încarcă,Učitaj,Učitaj,Načítať,Зареди,Načíst,Завантажити
247,Open a settings file (*.ini) to compare,Eine Einstellungsdatei (*.ini) zum Vergleichen öffnen,Apri un file di impostazioni (*.ini) da confrontare,Összehasonlítandó beállításfájl (*.ini) megnyitása,Deschide un fișier de setări (*.ini) pentru comparare,Otvori datoteku podešavanja (*.ini) za poređenje,Otvori datoteku postavki (*.ini) za usporedbu,Otvoriť súbor nastavení (*.ini) na porovnanie,Отвори файл с настройки (*.ini) за сравнение,Otevřít soubor nastavení (*.ini) k porovnání,Відкрити файл налаштувань (*.ini) для порівняння
248,Next Diff F6,Nächster Unterschied F6,Differenza succ. F6,Köv. eltérés F6,Dif. următoare F6,Sled. razlika F6,Sljed. razlika F6,Ďalší rozdiel F6,Следв. разлика F6,Další rozdíl F6,Наст. відмінність F6
249,Show next difference   F6,Nächsten Unterschied anzeigen   F6,Mostra la differenza successiva   F6,Következő eltérés megjelenítése   F6,Afișează diferența următoare   F6,Prikaži sledeću razliku   F6,Prikaži sljedeću razliku   F6,Zobraziť ďalší rozdiel   F6,Покажи следващата разлика   F6,Zobrazit další rozdíl   F6,Показати наступну відмінність   F6
250,Prev Diff Sh+F6,Vorh. Unterschied Umsch+F6,Differenza prec. Maiusc+F6,Előző eltérés Shift+F6,Dif. precedentă Shift+F6,Preth. razlika Shift+F6,Preth. razlika Shift+F6,Predch. rozdiel Shift+F6,Предишна разлика Shift+F6,Předch. rozdíl Shift+F6,Попер. відмінність Shift+F6
251,Show previous difference   Shift+F6,Vorherigen Unterschied anzeigen   Umschalt+F6,Mostra la differenza precedente   Maiusc+F6,Előző eltérés megjelenítése   Shift+F6,Afișează diferența precedentă   Shift+F6,Prikaži prethodnu razliku   Shift+F6,Prikaži prethodnu razliku   Shift+F6,Zobraziť predchádzajúci rozdiel   Shift+F6,Покажи предишната разлика   Shift+F6,Zobrazit předchozí rozdíl   Shift+F6,Показати попередню відмінність   Shift+F6
252,History,Verlauf,Cronologia,Előzmények,Istoric,Istorija,Povijest,História,История,Historie,Історія
253,Next Diff,Nächster Unterschied,Differenza successiva,Következő eltérés,Diferența următoare,Sledeća razlika,Sljedeća razlika,Ďalší rozdiel,Следваща разлика,Další rozdíl,Наступна відмінність
254,Previous Diff,Vorheriger Unterschied,Differenza precedente,Előző eltérés,Diferența precedentă,Prethodna razlika,Prethodna razlika,Predchádzajúci rozdiel,Предишна разлика,Předchozí rozdíl,Попередня відмінність
255,"Live discharge at the first gauge — last ~3 months, older values fade out","Aktueller Abfluss am ersten Pegel — letzte ~3 Monate, ältere Werte verblassen","Portata attuale alla prima stazione — ultimi ~3 mesi, i valori più vecchi sfumano","Élő vízhozam az első mérőállomáson — utolsó ~3 hónap, a régebbi értékek elhalványulnak","Debit în timp real la prima stație — ultimele ~3 luni, valorile mai vechi se estompează","Trenutni proticaj na prvoj mernoj stanici — poslednja ~3 meseca, starije vrednosti blede","Trenutni protok na prvoj mjernoj postaji — zadnja ~3 mjeseca, starije vrijednosti blijede","Aktuálny prietok na prvej stanici — posledné ~3 mesiace, staršie hodnoty blednú","Текущ отток на първата станция — последните ~3 месеца, по-старите стойности избледняват","Aktuální průtok na první stanici — poslední ~3 měsíce, starší hodnoty blednou","Поточна витрата на першому гідропості — останні ~3 місяці, старіші значення згасають"
256,Copy {what},{what} kopieren,Copia {what},Másolás: {what},Copiază: {what},Kopiraj: {what},Kopiraj: {what},Kopírovať: {what},Копирай: {what},Kopírovat: {what},Копіювати: {what}
257,Cut {what},{what} ausschneiden,Taglia {what},Kivágás: {what},Decupează: {what},Iseci: {what},Izreži: {what},Vystrihnúť: {what},Изрежи: {what},Vyjmout: {what},Вирізати: {what}
258,Paste,Einfügen,Incolla,Beillesztés,Lipește,Nalepi,Zalijepi,Vložiť,Постави,Vložit,Вставити
259,Delete contents of {what},Inhalt von {what} löschen,Elimina contenuto: {what},Tartalom törlése: {what},Șterge conținutul: {what},Obriši sadržaj: {what},Izbriši sadržaj: {what},Vymazať obsah: {what},Изтрий съдържанието: {what},Smazat obsah: {what},Очистити вміст: {what}
260,Copy {nouns},{nouns} kopieren,Copia {nouns},Másolás: {nouns},Copiază: {nouns},Kopiraj: {nouns},Kopiraj: {nouns},Kopírovať: {nouns},Копирай: {nouns},Kopírovat: {nouns},Копіювати: {nouns}
261,Insert empty {nouns} {before},Leere {nouns} {before} einfügen,Inserisci vuote: {nouns} {before},Üres beszúrása: {nouns} {before},Inserează goale: {nouns} {before},Umetni prazno: {nouns} {before},Umetni prazno: {nouns} {before},Vložiť prázdne: {nouns} {before},Вмъкни празни: {nouns} {before},Vložit prázdné: {nouns} {before},Вставити порожні: {nouns} {before}
262,Insert empty {nouns} {after},Leere {nouns} {after} einfügen,Inserisci vuote: {nouns} {after},Üres beszúrása: {nouns} {after},Inserează goale: {nouns} {after},Umetni prazno: {nouns} {after},Umetni prazno: {nouns} {after},Vložiť prázdne: {nouns} {after},Вмъкни празни: {nouns} {after},Vložit prázdné: {nouns} {after},Вставити порожні: {nouns} {after}
263,Paste into this {kind},In diese {kind} einfügen,Incolla in questa {kind},Beillesztés ebbe: {kind},Lipește în: {kind},Nalepi u: {kind},Zalijepi u: {kind},Vložiť do: {kind},Постави в: {kind},Vložit do: {kind},Вставити в: {kind}
264,Paste into {nouns},In {nouns} einfügen,Incolla in {nouns},Beillesztés ide: {nouns},Lipește în: {nouns},Nalepi u: {nouns},Zalijepi u: {nouns},Vložiť do: {nouns},Постави в: {nouns},Vložit do: {nouns},Вставити в: {nouns}
265,Paste {span} {where},{span} {where} einfügen,Incolla {span} {where},Beillesztés: {span} {where},Lipește: {span} {where},Nalepi: {span} {where},Zalijepi: {span} {where},Vložiť: {span} {where},Постави: {span} {where},Vložit: {span} {where},Вставити: {span} {where}
266,Delete {nouns},{nouns} löschen,Elimina {nouns},Törlés: {nouns},Șterge: {nouns},Obriši: {nouns},Izbriši: {nouns},Odstrániť: {nouns},Изтрий: {nouns},Odstranit: {nouns},Видалити: {nouns}
267,"Type a formula:  2+3.5   2 + I3   =(A1+B1)/2   =SUM(C2:C10)
Ctrl+C / Ctrl+X / Ctrl+V copy, cut and paste whole blocks; Delete clears them (right-click for the same menu).
Drag the small square at the selection's corner to autofill (copy, series, lists).
Right-click a column or row header to insert or paste columns/rows.
Ctrl+B bolds the marked cells; Ctrl+Z / Ctrl+Y undo and redo.","Formel eingeben:  2+3.5   2 + I3   =(A1+B1)/2   =SUM(C2:C10)
Strg+C / Strg+X / Strg+V kopieren, ausschneiden und fügen ganze Blöcke ein; Entf leert sie (Rechtsklick für dasselbe Menü).
Das kleine Quadrat an der Ecke der Auswahl ziehen zum automatischen Ausfüllen (Kopie, Reihe, Listen).
Rechtsklick auf einen Spalten- oder Zeilenkopf, um Spalten/Zeilen einzufügen.
Strg+B macht die markierten Zellen fett; Strg+Z / Strg+Y rückgängig und wiederholen.","Digita una formula:  2+3.5   2 + I3   =(A1+B1)/2   =SUM(C2:C10)
Ctrl+C / Ctrl+X / Ctrl+V copiano, tagliano e incollano interi blocchi; Canc li svuota (clic destro per lo stesso menu).
Trascina il quadratino nell'angolo della selezione per il riempimento automatico (copia, serie, elenchi).
Clic destro su un'intestazione di colonna o riga per inserire o incollare colonne/righe.
Ctrl+B mette in grassetto le celle selezionate; Ctrl+Z / Ctrl+Y annulla e ripeti.","Képlet beírása:  2+3.5   2 + I3   =(A1+B1)/2   =SUM(C2:C10)
Ctrl+C / Ctrl+X / Ctrl+V egész blokkokat másol, vág ki és illeszt be; a Delete kiüríti őket (jobb kattintás ugyanahhoz a menühöz).
Húzza a kijelölés sarkában lévő kis négyzetet az automatikus kitöltéshez (másolás, sorozat, listák).
Jobb kattintás egy oszlop- vagy sorfejlécen oszlopok/sorok beszúrásához vagy beillesztéséhez.
Ctrl+B félkövérré teszi a kijelölt cellákat; Ctrl+Z / Ctrl+Y visszavonás és újra.","Introdu o formulă:  2+3.5   2 + I3   =(A1+B1)/2   =SUM(C2:C10)
Ctrl+C / Ctrl+X / Ctrl+V copiază, decupează și lipesc blocuri întregi; Delete le golește (clic dreapta pentru același meniu).
Trage pătratul mic din colțul selecției pentru completare automată (copiere, serii, liste).
Clic dreapta pe un antet de coloană sau rând pentru a insera sau lipi coloane/rânduri.
Ctrl+B îngroașă celulele marcate; Ctrl+Z / Ctrl+Y anulează și refac.","Unesite formulu:  2+3.5   2 + I3   =(A1+B1)/2   =SUM(C2:C10)
Ctrl+C / Ctrl+X / Ctrl+V kopiraju, iseku i nalepe cele blokove; Delete ih prazni (desni klik za isti meni).
Prevucite mali kvadrat u uglu izbora za automatsko popunjavanje (kopija, niz, liste).
Desni klik na zaglavlje kolone ili reda za umetanje ili lepljenje kolona/redova.
Ctrl+B podebljava označene ćelije; Ctrl+Z / Ctrl+Y opoziv i ponavljanje.","Unesite formulu:  2+3.5   2 + I3   =(A1+B1)/2   =SUM(C2:C10)
Ctrl+C / Ctrl+X / Ctrl+V kopiraju, izrežu i zalijepe cijele blokove; Delete ih prazni (desni klik za isti izbornik).
Povucite mali kvadrat u kutu odabira za automatsko popunjavanje (kopija, niz, popisi).
Desni klik na zaglavlje stupca ili retka za umetanje ili lijepljenje stupaca/redaka.
Ctrl+B podebljava označene ćelije; Ctrl+Z / Ctrl+Y poništavanje i ponavljanje.","Zadajte vzorec:  2+3.5   2 + I3   =(A1+B1)/2   =SUM(C2:C10)
Ctrl+C / Ctrl+X / Ctrl+V kopírujú, vystrihujú a vkladajú celé bloky; Delete ich vymaže (pravý klik pre rovnakú ponuku).
Potiahnutím malého štvorčeka v rohu výberu vyplníte automaticky (kópia, rady, zoznamy).
Pravým klikom na hlavičku stĺpca alebo riadku vložíte stĺpce/riadky.
Ctrl+B nastaví označené bunky tučne; Ctrl+Z / Ctrl+Y späť a znova.","Въведете формула:  2+3.5   2 + I3   =(A1+B1)/2   =SUM(C2:C10)
Ctrl+C / Ctrl+X / Ctrl+V копират, изрязват и поставят цели блокове; Delete ги изчиства (десен бутон за същото меню).
Плъзнете малкото квадратче в ъгъла на селекцията за автоматично попълване (копие, редици, списъци).
Десен бутон върху заглавие на колона или ред за вмъкване или поставяне на колони/редове.
Ctrl+B удебелява маркираните клетки; Ctrl+Z / Ctrl+Y отмяна и повтаряне.","Zadejte vzorec:  2+3.5   2 + I3   =(A1+B1)/2   =SUM(C2:C10)
Ctrl+C / Ctrl+X / Ctrl+V kopírují, vyjímají a vkládají celé bloky; Delete je vymaže (pravý klik pro stejnou nabídku).
Tažením malého čtverečku v rohu výběru vyplníte automaticky (kopie, řady, seznamy).
Pravým klikem na záhlaví sloupce nebo řádku vložíte sloupce/řádky.
Ctrl+B nastaví označené buňky tučně; Ctrl+Z / Ctrl+Y zpět a znovu.","Введіть формулу:  2+3.5   2 + I3   =(A1+B1)/2   =SUM(C2:C10)
Ctrl+C / Ctrl+X / Ctrl+V копіюють, вирізають і вставляють цілі блоки; Delete очищує їх (правий клік для того самого меню).
Перетягніть маленький квадрат у куті виділення для автозаповнення (копія, ряди, списки).
Правий клік на заголовку стовпця чи рядка для вставлення стовпців/рядків.
Ctrl+B робить позначені клітинки жирними; Ctrl+Z / Ctrl+Y скасування та повтор."
268,load another Excel file,Eine andere Excel-Datei laden,Carica un altro file Excel,Másik Excel-fájl betöltése,Încarcă alt fișier Excel,Učitaj drugu Excel datoteku,Učitaj drugu Excel datoteku,Načítať iný súbor Excel,Зареди друг Excel файл,Načíst jiný soubor Excel,Завантажити інший файл Excel
269,Discard edits and reload the workbook from disk,Änderungen verwerfen und die Arbeitsmappe neu von der Festplatte laden,Scarta le modifiche e ricarica la cartella di lavoro dal disco,A módosítások elvetése és a munkafüzet újratöltése a lemezről,Renunță la modificări și reîncarcă registrul de pe disc,Odbaci izmene i ponovo učitaj radnu svesku sa diska,Odbaci promjene i ponovno učitaj radnu knjigu s diska,Zahodiť úpravy a znova načítať zošit z disku,Отхвърли промените и презареди работната книга от диска,Zahodit úpravy a znovu načíst sešit z disku,Відкинути зміни й перезавантажити книгу з диска
270,Write the edits back to the Excel file,Die Änderungen in die Excel-Datei zurückschreiben,Scrivi le modifiche nel file Excel,A módosítások visszaírása az Excel-fájlba,Scrie modificările înapoi în fișierul Excel,Upiši izmene nazad u Excel datoteku,Zapiši promjene natrag u Excel datoteku,Zapísať úpravy späť do súboru Excel,Запиши промените обратно в Excel файла,Zapsat úpravy zpět do souboru Excel,Записати зміни назад у файл Excel
271,Copy the selected cells (Ctrl+C),Die ausgewählten Zellen kopieren (Strg+C),Copia le celle selezionate (Ctrl+C),A kijelölt cellák másolása (Ctrl+C),Copiază celulele selectate (Ctrl+C),Kopiraj izabrane ćelije (Ctrl+C),Kopiraj odabrane ćelije (Ctrl+C),Kopírovať vybrané bunky (Ctrl+C),Копирай избраните клетки (Ctrl+C),Kopírovat vybrané buňky (Ctrl+C),Копіювати вибрані клітинки (Ctrl+C)
272,Cut the selected cells (Ctrl+X),Die ausgewählten Zellen ausschneiden (Strg+X),Taglia le celle selezionate (Ctrl+X),A kijelölt cellák kivágása (Ctrl+X),Decupează celulele selectate (Ctrl+X),Iseci izabrane ćelije (Ctrl+X),Izreži odabrane ćelije (Ctrl+X),Vystrihnúť vybrané bunky (Ctrl+X),Изрежи избраните клетки (Ctrl+X),Vyjmout vybrané buňky (Ctrl+X),Вирізати вибрані клітинки (Ctrl+X)
273,Paste at the current cell (Ctrl+V),An der aktuellen Zelle einfügen (Strg+V),Incolla nella cella corrente (Ctrl+V),Beillesztés az aktuális cellába (Ctrl+V),Lipește în celula curentă (Ctrl+V),Nalepi u trenutnu ćeliju (Ctrl+V),Zalijepi u trenutnu ćeliju (Ctrl+V),Vložiť do aktuálnej bunky (Ctrl+V),Постави в текущата клетка (Ctrl+V),Vložit do aktuální buňky (Ctrl+V),Вставити в поточну клітинку (Ctrl+V)
274,Clear the selected cells (Delete),Die ausgewählten Zellen leeren (Entf),Svuota le celle selezionate (Canc),A kijelölt cellák ürítése (Delete),Golește celulele selectate (Delete),Isprazni izabrane ćelije (Delete),Isprazni odabrane ćelije (Delete),Vymazať vybrané bunky (Delete),Изчисти избраните клетки (Delete),Vymazat vybrané buňky (Delete),Очистити вибрані клітинки (Delete)
275,Bold the marked cells - press again to un-bold (Ctrl+B),Die markierten Zellen fett machen – erneut drücken zum Aufheben (Strg+B),Metti in grassetto le celle selezionate - premi di nuovo per togliere il grassetto (Ctrl+B),A kijelölt cellák félkövérré tétele - nyomja meg újra a visszavonáshoz (Ctrl+B),Îngroașă celulele marcate - apasă din nou pentru a anula (Ctrl+B),Podebljaj označene ćelije - pritisnite ponovo da uklonite podebljanje (Ctrl+B),Podebljaj označene ćelije - pritisnite ponovno za uklanjanje podebljanja (Ctrl+B),Nastaviť označené bunky tučne - stlačte znova na zrušenie (Ctrl+B),Удебели маркираните клетки - натиснете отново за премахване (Ctrl+B),Nastavit označené buňky tučně - stiskněte znovu pro zrušení (Ctrl+B),"Зробити позначені клітинки жирними - натисніть ще раз, щоб скасувати (Ctrl+B)"
276,Undo the last change (Ctrl+Z),Die letzte Änderung rückgängig machen (Strg+Z),Annulla l'ultima modifica (Ctrl+Z),Az utolsó módosítás visszavonása (Ctrl+Z),Anulează ultima modificare (Ctrl+Z),Opozovi poslednju izmenu (Ctrl+Z),Poništi zadnju promjenu (Ctrl+Z),Vrátiť poslednú zmenu (Ctrl+Z),Отмени последната промяна (Ctrl+Z),Vrátit poslední změnu (Ctrl+Z),Скасувати останню зміну (Ctrl+Z)
277,Redo (Ctrl+Y),Wiederholen (Strg+Y),Ripeti (Ctrl+Y),Újra (Ctrl+Y),Refă (Ctrl+Y),Ponovi (Ctrl+Y),Ponovi (Ctrl+Y),Znova (Ctrl+Y),Повтори (Ctrl+Y),Znovu (Ctrl+Y),Повторити (Ctrl+Y)
278,Use current,Aktuelle verwenden,Usa corrente,Aktuális használata,Folosește curentul,Koristi trenutnu,Koristi trenutnu,Použiť aktuálny,Използвай текущия,Použít aktuální,Використати поточний
279,"Take the settings file currently loaded in the main window.
(This window keeps the file it was opened with until you say so.)","Die im Hauptfenster geladene Einstellungsdatei übernehmen.
(Dieses Fenster behält die Datei, mit der es geöffnet wurde, bis Sie es anders festlegen.)","Prendi il file di impostazioni attualmente caricato nella finestra principale.
(Questa finestra mantiene il file con cui è stata aperta finché non decidi diversamente.)","A főablakban jelenleg betöltött beállításfájl átvétele.
(Ez az ablak megtartja a fájlt, amellyel megnyitották, amíg másként nem dönt.)","Preia fișierul de setări încărcat acum în fereastra principală.
(Această fereastră păstrează fișierul cu care a fost deschisă până decizi altfel.)","Preuzmi datoteku podešavanja trenutno učitanu u glavnom prozoru.
(Ovaj prozor zadržava datoteku sa kojom je otvoren dok ne odlučite drugačije.)","Preuzmi datoteku postavki trenutno učitanu u glavnom prozoru.
(Ovaj prozor zadržava datoteku s kojom je otvoren dok ne odlučite drukčije.)","Prevziať súbor nastavení aktuálne načítaný v hlavnom okne.
(Toto okno si ponechá súbor, s ktorým bolo otvorené, kým nerozhodnete inak.)","Вземи файла с настройки, зареден в момента в главния прозорец.
(Този прозорец запазва файла, с който е отворен, докато не решите друго.)","Převzít soubor nastavení aktuálně načtený v hlavním okně.
(Toto okno si ponechá soubor, se kterým bylo otevřeno, dokud nerozhodnete jinak.)","Взяти файл налаштувань, зараз завантажений у головному вікні.
(Це вікно зберігає файл, з яким його відкрито, доки ви не вирішите інакше.)"
280,Choose a different settings (.ini) file to run - or drag one onto this window,Eine andere Einstellungsdatei (.ini) zum Starten wählen – oder eine auf dieses Fenster ziehen,Scegli un altro file di impostazioni (.ini) da eseguire - o trascinane uno su questa finestra,Másik futtatandó beállításfájl (.ini) választása - vagy húzzon egyet erre az ablakra,Alege alt fișier de setări (.ini) de rulat - sau trage unul pe această fereastră,Izaberite drugu datoteku podešavanja (.ini) za pokretanje - ili prevucite jednu na ovaj prozor,Odaberite drugu datoteku postavki (.ini) za pokretanje - ili povucite jednu na ovaj prozor,Vyberte iný súbor nastavení (.ini) na spustenie - alebo ho presuňte na toto okno,Изберете друг файл с настройки (.ini) за изпълнение - или плъзнете такъв върху този прозорец,Vyberte jiný soubor nastavení (.ini) ke spuštění - nebo jej přetáhněte na toto okno,Виберіть інший файл налаштувань (.ini) для запуску - або перетягніть його на це вікно
281,Open PathOut,PathOut öffnen,Apri PathOut,PathOut megnyitása,Deschide PathOut,Otvori PathOut,Otvori PathOut,Otvoriť PathOut,Отвори PathOut,Otevřít PathOut,Відкрити PathOut
282,Open this run's output folder,Den Ausgabeordner dieses Laufs öffnen,Apri la cartella di output di questa esecuzione,A futás kimeneti mappájának megnyitása,Deschide folderul de ieșire al acestei rulări,Otvori izlaznu fasciklu ovog pokretanja,Otvori izlaznu mapu ovog pokretanja,Otvoriť výstupný priečinok tohto behu,Отвори изходната папка на това изпълнение,Otevřít výstupní složku tohoto běhu,Відкрити вихідну папку цього запуску
283,Stop CWatM,CWatM stoppen,Ferma CWatM,CWatM leállítása,Oprește CWatM,Zaustavi CWatM,Zaustavi CWatM,Zastaviť CWatM,Спри CWatM,Zastavit CWatM,Зупинити CWatM
284,Save output as…,Ausgabe speichern unter…,Salva output come…,Kimenet mentése másként…,Salvează ieșirea ca…,Sačuvaj izlaz kao…,Spremi izlaz kao…,Uložiť výstup ako…,Запази изхода като…,Uložit výstup jako…,Зберегти вивід як…
285,Find…	Ctrl+F,Suchen…	Strg+F,Trova…	Ctrl+F,Keresés…	Ctrl+F,Caută…	Ctrl+F,Pronađi…	Ctrl+F,Pronađi…	Ctrl+F,Hľadať…	Ctrl+F,Търси…	Ctrl+F,Najít…	Ctrl+F,Знайти…	Ctrl+F
286,Clear output,Ausgabe leeren,Svuota output,Kimenet ürítése,Golește ieșirea,Obriši izlaz,Očisti izlaz,Vymazať výstup,Изчисти изхода,Vymazat výstup,Очистити вивід
287,Explain current line,Aktuelle Zeile erklären,Spiega la riga corrente,Aktuális sor magyarázata,Explică linia curentă,Objasni trenutnu liniju,Objasni trenutni redak,Vysvetliť aktuálny riadok,Обясни текущия ред,Vysvětlit aktuální řádek,Пояснити поточний рядок
288,Ask NotebookLM to explain the line the cursor is on in the settings file,"NotebookLM bitten, die Zeile der Einstellungsdatei zu erklären, in der der Cursor steht",Chiedi a NotebookLM di spiegare la riga del file di impostazioni su cui si trova il cursore,"A NotebookLM megkérése, hogy magyarázza el a beállításfájl azon sorát, amelyen a kurzor áll",Cere NotebookLM să explice linia din fișierul de setări pe care se află cursorul,Zamoli NotebookLM da objasni liniju datoteke podešavanja na kojoj je kursor,Zamoli NotebookLM da objasni redak datoteke postavki na kojem je kursor,"Požiadať NotebookLM o vysvetlenie riadku súboru nastavení, na ktorom je kurzor","Помоли NotebookLM да обясни реда от файла с настройки, на който е курсорът","Požádat NotebookLM o vysvětlení řádku souboru nastavení, na kterém je kurzor","Попросити NotebookLM пояснити рядок файлу налаштувань, на якому стоїть курсор"
289,Send,Senden,Invia,Küldés,Trimite,Pošalji,Pošalji,Odoslať,Изпрати,Odeslat,Надіслати
290,Login…,Anmelden…,Accedi…,Bejelentkezés…,Autentificare…,Prijava…,Prijava…,Prihlásiť…,Вход…,Přihlásit…,Увійти…
291,One click: finds the browser you are signed in to Google with (Firefox / Chrome / Edge / Opera) and stores its session,"Ein Klick: findet den Browser, in dem Sie bei Google angemeldet sind (Firefox / Chrome / Edge / Opera), und speichert dessen Sitzung",Un clic: trova il browser con cui hai effettuato l'accesso a Google (Firefox / Chrome / Edge / Opera) e ne memorizza la sessione,"Egy kattintás: megkeresi azt a böngészőt, amelyben be van jelentkezve a Google-ba (Firefox / Chrome / Edge / Opera), és elmenti a munkamenetét",Un clic: găsește browserul în care ești conectat la Google (Firefox / Chrome / Edge / Opera) și îi stochează sesiunea,Jedan klik: pronalazi pregledač u kome ste prijavljeni na Google (Firefox / Chrome / Edge / Opera) i čuva njegovu sesiju,Jedan klik: pronalazi preglednik u kojem ste prijavljeni na Google (Firefox / Chrome / Edge / Opera) i sprema njegovu sesiju,"Jedno kliknutie: nájde prehliadač, v ktorom ste prihlásení do Google (Firefox / Chrome / Edge / Opera), a uloží jeho reláciu","Едно щракване: намира браузъра, в който сте влезли в Google (Firefox / Chrome / Edge / Opera), и запазва сесията му","Jedno kliknutí: najde prohlížeč, ve kterém jste přihlášeni ke Google (Firefox / Chrome / Edge / Opera), a uloží jeho relaci","Один клік: знаходить браузер, у якому ви увійшли в Google (Firefox / Chrome / Edge / Opera), і зберігає його сеанс"
292,Choose browser…,Browser wählen…,Scegli browser…,Böngésző választása…,Alege browserul…,Izaberi pregledač…,Odaberi preglednik…,Vybrať prehliadač…,Избери браузър…,Vybrat prohlížeč…,Вибрати браузер…
293,"Pick a specific browser to read Google cookies from, or open the Google login window (if available)","Einen bestimmten Browser wählen, aus dem Google-Cookies gelesen werden, oder das Google-Anmeldefenster öffnen (falls verfügbar)","Scegli un browser specifico da cui leggere i cookie di Google, o apri la finestra di accesso a Google (se disponibile)","Adott böngésző választása a Google-sütik olvasásához, vagy a Google bejelentkezési ablak megnyitása (ha elérhető)",Alege un browser anume din care să fie citite cookie-urile Google sau deschide fereastra de autentificare Google (dacă este disponibilă),Izaberite određeni pregledač iz koga se čitaju Google kolačići ili otvorite Google prozor za prijavu (ako je dostupan),Odaberite određeni preglednik iz kojeg se čitaju Google kolačići ili otvorite Google prozor za prijavu (ako je dostupan),"Vyberte konkrétny prehliadač, z ktorého sa načítajú súbory cookie Google, alebo otvorte prihlasovacie okno Google (ak je k dispozícii)","Изберете конкретен браузър, от който да се четат бисквитките на Google, или отворете прозореца за вход в Google (ако е наличен)","Vyberte konkrétní prohlížeč, ze kterého se načtou soubory cookie Google, nebo otevřete přihlašovací okno Google (je-li k dispozici)","Виберіть конкретний браузер, з якого читати файли cookie Google, або відкрийте вікно входу Google (якщо доступне)"
294,Notebook…,Notebook…,Notebook…,Jegyzetfüzet…,Notebook…,Beležnica…,Bilježnica…,Notebook…,Бележник…,Notebook…,Блокнот…
295,Set which NotebookLM notebook (or its URL) to ask,"Festlegen, welches NotebookLM-Notebook (oder dessen URL) gefragt wird",Imposta quale notebook di NotebookLM (o il suo URL) interrogare,Melyik NotebookLM jegyzetfüzettől (vagy URL-től) kérdezzen,Setează ce notebook NotebookLM (sau URL-ul lui) este întrebat,Podesi koju NotebookLM beležnicu (ili njen URL) pitati,Postavi koju NotebookLM bilježnicu (ili njezin URL) pitati,"Nastaviť, ktorý notebook NotebookLM (alebo jeho URL) sa má pýtať",Задай кой бележник на NotebookLM (или неговия URL) да се пита,"Nastavit, který notebook NotebookLM (nebo jeho URL) se má ptát","Вказати, який блокнот NotebookLM (або його URL) запитувати"
296,Short,Kurz,Breve,Rövid,Scurt,Kratak,Kratak,Krátka,Кратък,Krátká,Коротка
297,Medium,Mittel,Media,Közepes,Mediu,Srednji,Srednji,Stredná,Среден,Střední,Середня
298,Long,Lang,Lunga,Hosszú,Lung,Dug,Dug,Dlhá,Дълъг,Dlouhá,Довга
299,Ask NotebookLM for a {label.lower()} answer,NotebookLM um eine {label.lower()} Antwort bitten,Chiedi a NotebookLM una risposta {label.lower()},{label.lower()} válasz kérése a NotebookLM-től,Cere NotebookLM un răspuns {label.lower()},Traži od NotebookLM {label.lower()} odgovor,Zatraži od NotebookLM-a {label.lower()} odgovor,Požiadať NotebookLM o {label.lower()} odpoveď,Поискай от NotebookLM {label.lower()} отговор,Požádat NotebookLM o {label.lower()} odpověď,Попросити NotebookLM дати {label.lower()} відповідь
300,Verifying your NotebookLM session…,Ihre NotebookLM-Sitzung wird überprüft…,Verifica della sessione NotebookLM…,NotebookLM munkamenet ellenőrzése…,Se verifică sesiunea NotebookLM…,Proveravanje NotebookLM sesije…,Provjera NotebookLM sesije…,Overuje sa relácia NotebookLM…,Проверява се сесията на NotebookLM…,Ověřuje se relace NotebookLM…,Перевірка сеансу NotebookLM…
301,✓ Logged in,✓ Angemeldet,✓ Connesso,✓ Bejelentkezve,✓ Conectat,✓ Prijavljeni,✓ Prijavljeni,✓ Prihlásený,✓ Влезли,✓ Přihlášen,✓ Вхід виконано
302,Logged in to NotebookLM. Click to sign in again if needed.,"Bei NotebookLM angemeldet. Klicken, um sich bei Bedarf erneut anzumelden.",Connesso a NotebookLM. Clicca per accedere di nuovo se necessario.,"Bejelentkezve a NotebookLM-be. Kattintson az újbóli bejelentkezéshez, ha szükséges.",Conectat la NotebookLM. Clic pentru a te autentifica din nou dacă este nevoie.,Prijavljeni na NotebookLM. Kliknite da se ponovo prijavite ako je potrebno.,Prijavljeni na NotebookLM. Kliknite za ponovnu prijavu ako je potrebno.,Prihlásený do NotebookLM. Kliknutím sa v prípade potreby prihlásite znova.,"Влезли сте в NotebookLM. Щракнете, за да влезете отново при нужда.",Přihlášen k NotebookLM. Kliknutím se v případě potřeby přihlásíte znovu.,"Вхід у NotebookLM виконано. Натисніть, щоб увійти знову за потреби."
303,Login required,Anmeldung erforderlich,Accesso richiesto,Bejelentkezés szükséges,Autentificare necesară,Potrebna prijava,Potrebna prijava,Vyžaduje sa prihlásenie,Необходим е вход,Vyžadováno přihlášení,Потрібен вхід
304,Your NotebookLM session has expired - click to log in again.,"Ihre NotebookLM-Sitzung ist abgelaufen – klicken, um sich erneut anzumelden.",La sessione NotebookLM è scaduta - clicca per accedere di nuovo.,A NotebookLM munkamenet lejárt - kattintson az újbóli bejelentkezéshez.,Sesiunea NotebookLM a expirat - clic pentru a te autentifica din nou.,Vaša NotebookLM sesija je istekla - kliknite da se ponovo prijavite.,Vaša NotebookLM sesija je istekla - kliknite za ponovnu prijavu.,Vaša relácia NotebookLM vypršala - kliknutím sa prihlásite znova.,"Сесията ви в NotebookLM е изтекла - щракнете, за да влезете отново.",Vaše relace NotebookLM vypršela - kliknutím se přihlásíte znovu.,"Ваш сеанс NotebookLM закінчився - натисніть, щоб увійти знову."
305,Not logged in - click to sign in to NotebookLM.,"Nicht angemeldet – klicken, um sich bei NotebookLM anzumelden.",Non connesso - clicca per accedere a NotebookLM.,Nincs bejelentkezve - kattintson a NotebookLM-be való bejelentkezéshez.,Neconectat - clic pentru a te autentifica la NotebookLM.,Niste prijavljeni - kliknite da se prijavite na NotebookLM.,Niste prijavljeni - kliknite za prijavu na NotebookLM.,Neprihlásený - kliknutím sa prihlásite do NotebookLM.,"Не сте влезли - щракнете, за да влезете в NotebookLM.",Nepřihlášen - kliknutím se přihlásíte k NotebookLM.,"Вхід не виконано - натисніть, щоб увійти в NotebookLM."
306,Stop thinking,Nachdenken stoppen,Interrompi ragionamento,Gondolkodás leállítása,Oprește gândirea,Zaustavi razmišljanje,Zaustavi razmišljanje,Zastaviť premýšľanie,Спри размишлението,Zastavit přemýšlení,Зупинити міркування
307,Stopping…,Wird gestoppt…,Interruzione…,Leállítás…,Se oprește…,Zaustavljanje…,Zaustavljanje…,Zastavuje sa…,Спиране…,Zastavuje se…,Зупинення…
308,Changed only,Nur geänderte,Solo modificate,Csak módosítottak,Doar modificate,Samo izmenjene,Samo promijenjene,Iba zmenené,Само променените,Pouze změněné,Лише змінені
309,Show only the options changed in this session,Nur die in dieser Sitzung geänderten Optionen anzeigen,Mostra solo le opzioni modificate in questa sessione,Csak az ebben a munkamenetben módosított opciók megjelenítése,Afișează doar opțiunile modificate în această sesiune,Prikaži samo opcije izmenjene u ovoj sesiji,Prikaži samo opcije promijenjene u ovoj sesiji,Zobraziť iba možnosti zmenené v tejto relácii,"Покажи само опциите, променени в тази сесия",Zobrazit pouze možnosti změněné v této relaci,"Показати лише опції, змінені в цьому сеансі"
310,Add option…,Option hinzufügen…,Aggiungi opzione…,Opció hozzáadása…,Adaugă opțiune…,Dodaj opciju…,Dodaj opciju…,Pridať možnosť…,Добави опция…,Přidat možnost…,Додати опцію…
311,Add a switch CWatM understands that this settings file does not define yet (it is written to [OPTIONS] as False),"Einen Schalter hinzufügen, den CWatM kennt, der in dieser Einstellungsdatei aber noch nicht definiert ist (wird in [OPTIONS] als False geschrieben)",Aggiungi un'opzione che CWatM conosce ma che questo file di impostazioni non definisce ancora (viene scritta in [OPTIONS] come False),"Olyan kapcsoló hozzáadása, amelyet a CWatM ismer, de ez a beállításfájl még nem határoz meg (False értékkel kerül az [OPTIONS] részbe)","Adaugă un comutator pe care CWatM îl cunoaște, dar pe care acest fișier de setări încă nu îl definește (este scris în [OPTIONS] ca False)","Dodaj prekidač koji CWatM poznaje, a ova datoteka podešavanja ga još ne definiše (upisuje se u [OPTIONS] kao False)","Dodaj prekidač koji CWatM poznaje, a ova ga datoteka postavki još ne definira (zapisuje se u [OPTIONS] kao False)","Pridať prepínač, ktorý CWatM pozná, ale tento súbor nastavení ho ešte nedefinuje (zapíše sa do [OPTIONS] ako False)","Добави превключвател, който CWatM познава, но този файл с настройки още не дефинира (записва се в [OPTIONS] като False)","Přidat přepínač, který CWatM zná, ale tento soubor nastavení jej ještě nedefinuje (zapíše se do [OPTIONS] jako False)","Додати перемикач, який CWatM знає, але цей файл налаштувань ще не визначає (записується в [OPTIONS] як False)"
312,Revert all,Alle zurücksetzen,Ripristina tutto,Összes visszaállítása,Revino la toate,Vrati sve,Vrati sve,Vrátiť všetko,Върни всички,Vrátit vše,Повернути все
313,Put every option back to the value the file had when this window opened,"Jede Option auf den Wert zurücksetzen, den die Datei beim Öffnen dieses Fensters hatte",Riporta ogni opzione al valore che il file aveva all'apertura di questa finestra,"Minden opció visszaállítása arra az értékre, amely a fájlban az ablak megnyitásakor volt",Readu fiecare opțiune la valoarea pe care o avea fișierul la deschiderea acestei ferestre,Vrati svaku opciju na vrednost koju je datoteka imala kada je ovaj prozor otvoren,Vrati svaku opciju na vrijednost koju je datoteka imala kada je ovaj prozor otvoren,"Vrátiť každú možnosť na hodnotu, ktorú mal súbor pri otvorení tohto okna","Върни всяка опция към стойността, която файлът имаше при отваряне на този прозорец","Vrátit každou možnost na hodnotu, kterou měl soubor při otevření tohoto okna","Повернути кожну опцію до значення, яке файл мав при відкритті цього вікна"
314,Changed since this window was opened,Geändert seit dem Öffnen dieses Fensters,Modificata dall'apertura di questa finestra,Módosítva az ablak megnyitása óta,Modificată de la deschiderea acestei ferestre,Izmenjeno od otvaranja ovog prozora,Promijenjeno od otvaranja ovog prozora,Zmenené od otvorenia tohto okna,Променено след отваряне на този прозорец,Změněno od otevření tohoto okna,Змінено після відкриття цього вікна
315,Revert all ({changed}),Alle zurücksetzen ({changed}),Ripristina tutto ({changed}),Összes visszaállítása ({changed}),Revino la toate ({changed}),Vrati sve ({changed}),Vrati sve ({changed}),Vrátiť všetko ({changed}),Върни всички ({changed}),Vrátit vše ({changed}),Повернути все ({changed})
316,Open,Öffnen,Apri,Megnyitás,Deschide,Otvori,Otvori,Otvoriť,Отвори,Otevřít,Відкрити
317,Open the selected file in the matching viewer,Die ausgewählte Datei in der passenden Ansicht öffnen,Apri il file selezionato nel visualizzatore corrispondente,A kijelölt fájl megnyitása a megfelelő megjelenítőben,Deschide fișierul selectat în vizualizatorul potrivit,Otvori izabranu datoteku u odgovarajućem prikazu,Otvori odabranu datoteku u odgovarajućem prikazu,Otvoriť vybraný súbor v zodpovedajúcom zobrazení,Отвори избрания файл в съответния преглед,Otevřít vybraný soubor v odpovídajícím zobrazení,Відкрити вибраний файл у відповідному перегляді
318,Change folder…,Ordner wechseln…,Cambia cartella…,Mappa váltása…,Schimbă folderul…,Promeni fasciklu…,Promijeni mapu…,Zmeniť priečinok…,Смени папката…,Změnit složku…,Змінити папку…
319,Browse another output directory,Ein anderes Ausgabeverzeichnis durchsuchen,Sfoglia un'altra cartella di output,Másik kimeneti könyvtár böngészése,Răsfoiește alt director de ieșire,Pregledaj drugi izlazni direktorijum,Pregledaj drugu izlaznu mapu,Prehliadať iný výstupný priečinok,Разгледай друга изходна папка,Procházet jinou výstupní složku,Переглянути іншу вихідну папку
320,Refresh,Aktualisieren,Aggiorna,Frissítés,Reîmprospătează,Osveži,Osvježi,Obnoviť,Обнови,Obnovit,Оновити
321,Re-read the directory (pick up new run output),Das Verzeichnis neu einlesen (neue Laufausgaben übernehmen),Rileggi la cartella (include i nuovi output),A könyvtár újraolvasása (új futási kimenetek felvétele),Recitește directorul (preia noile ieșiri),Ponovo pročitaj direktorijum (preuzmi nove izlaze),Ponovno pročitaj mapu (preuzmi nove izlaze),Znova načítať priečinok (zahrnúť nové výstupy),Прочети отново папката (включи новите резултати),Znovu načíst složku (zahrnout nové výstupy),Перечитати папку (врахувати нові результати)
322,Load all Variable,Alle Variablen laden,Carica tutte le variabili,Összes változó betöltése,Încarcă toate variabilele,Učitaj sve promenljive,Učitaj sve varijable,Načítať všetky premenné,Зареди всички променливи,Načíst všechny proměnné,Завантажити всі змінні
323,"Off: show only the high-priority (recommended) output variables.
On: show every output variable that fits the current options.","Aus: nur die Ausgabevariablen mit hoher Priorität (empfohlen) anzeigen.
Ein: jede Ausgabevariable anzeigen, die zu den aktuellen Optionen passt.","Off: mostra solo le variabili di output ad alta priorità (consigliate).
On: mostra ogni variabile di output compatibile con le opzioni correnti.","Ki: csak a magas prioritású (ajánlott) kimeneti változók megjelenítése.
Be: minden, az aktuális opcióknak megfelelő kimeneti változó megjelenítése.","Oprit: afișează doar variabilele de ieșire cu prioritate ridicată (recomandate).
Pornit: afișează fiecare variabilă de ieșire potrivită cu opțiunile curente.","Isključeno: prikaži samo izlazne promenljive visokog prioriteta (preporučene).
Uključeno: prikaži svaku izlaznu promenljivu koja odgovara trenutnim opcijama.","Isključeno: prikaži samo izlazne varijable visokog prioriteta (preporučene).
Uključeno: prikaži svaku izlaznu varijablu koja odgovara trenutnim opcijama.","Vyp.: zobraziť iba výstupné premenné s vysokou prioritou (odporúčané).
Zap.: zobraziť každú výstupnú premennú, ktorá zodpovedá aktuálnym možnostiam.","Изкл.: покажи само изходните променливи с висок приоритет (препоръчани).
Вкл.: покажи всяка изходна променлива, съответстваща на текущите опции.","Vyp.: zobrazit pouze výstupní proměnné s vysokou prioritou (doporučené).
Zap.: zobrazit každou výstupní proměnnou, která odpovídá aktuálním možnostem.","Вимк.: показувати лише вихідні змінні з високим пріоритетом (рекомендовані).
Увімк.: показувати кожну вихідну змінну, що відповідає поточним опціям."
324,"Searches the variable name AND its unit, long name and description - 'evapo' finds actualET","Durchsucht den Variablennamen UND seine Einheit, den langen Namen und die Beschreibung – 'evapo' findet actualET","Cerca nel nome della variabile E nella sua unità, nome esteso e descrizione - 'evapo' trova actualET","Keres a változó nevében ÉS mértékegységében, hosszú nevében és leírásában - az 'evapo' megtalálja az actualET-t","Caută în numele variabilei ȘI în unitatea, numele lung și descrierea ei - 'evapo' găsește actualET","Pretražuje ime promenljive I njenu jedinicu, dugo ime i opis - 'evapo' pronalazi actualET","Pretražuje naziv varijable I njezinu jedinicu, dugi naziv i opis - 'evapo' pronalazi actualET","Hľadá v názve premennej A v jej jednotke, dlhom názve a popise - 'evapo' nájde actualET","Търси в името на променливата И в нейната единица, дълго име и описание - 'evapo' намира actualET","Hledá v názvu proměnné A v její jednotce, dlouhém názvu a popisu - 'evapo' najde actualET","Шукає в імені змінної ТА в її одиниці, довгій назві й описі - 'evapo' знаходить actualET"
325,Only variables already in the settings file,"Nur Variablen, die bereits in der Einstellungsdatei stehen",Solo variabili già presenti nel file di impostazioni,Csak a beállításfájlban már szereplő változók,Doar variabilele aflate deja în fișierul de setări,Samo promenljive koje su već u datoteci podešavanja,Samo varijable koje su već u datoteci postavki,"Iba premenné, ktoré už sú v súbore nastavení","Само променливи, които вече са във файла с настройки","Pouze proměnné, které už jsou v souboru nastavení","Лише змінні, що вже є у файлі налаштувань"
326,Load high priority Variables,Variablen mit hoher Priorität laden,Carica variabili ad alta priorità,Magas prioritású változók betöltése,Încarcă variabilele cu prioritate ridicată,Učitaj promenljive visokog prioriteta,Učitaj varijable visokog prioriteta,Načítať premenné s vysokou prioritou,Зареди променливите с висок приоритет,Načíst proměnné s vysokou prioritou,Завантажити змінні з високим пріоритетом
327,Timeseries (TSS),Zeitreihe (TSS),Serie temporale (TSS),Idősor (TSS),Serie de timp (TSS),Vremenska serija (TSS),Vremenski niz (TSS),Časový rad (TSS),Времеви ред (TSS),Časová řada (TSS),Часовий ряд (TSS)
328,Write '{varname}' as a time series (OUT_TSS_…) at the gauge points,'{varname}' als Zeitreihe (OUT_TSS_…) an den Pegelpunkten schreiben,Scrivi '{varname}' come serie temporale (OUT_TSS_…) nei punti delle stazioni,'{varname}' kiírása idősorként (OUT_TSS_…) a mérőállomás-pontokon,Scrie '{varname}' ca serie de timp (OUT_TSS_…) în punctele stațiilor,Upiši '{varname}' kao vremensku seriju (OUT_TSS_…) u tačkama mernih stanica,Zapiši '{varname}' kao vremenski niz (OUT_TSS_…) u točkama mjernih postaja,Zapísať '{varname}' ako časový rad (OUT_TSS_…) v bodoch staníc,Запиши '{varname}' като времеви ред (OUT_TSS_…) в точките на станциите,Zapsat '{varname}' jako časovou řadu (OUT_TSS_…) v bodech stanic,Записати '{varname}' як часовий ряд (OUT_TSS_…) у точках гідропостів
329,Map (MAP),Karte (MAP),Mappa (MAP),Térkép (MAP),Hartă (MAP),Karta (MAP),Karta (MAP),Mapa (MAP),Карта (MAP),Mapa (MAP),Карта (MAP)
330,Write '{varname}' as a NetCDF map (OUT_MAP_…),'{varname}' als NetCDF-Karte (OUT_MAP_…) schreiben,Scrivi '{varname}' come mappa NetCDF (OUT_MAP_…),'{varname}' kiírása NetCDF térképként (OUT_MAP_…),Scrie '{varname}' ca hartă NetCDF (OUT_MAP_…),Upiši '{varname}' kao NetCDF kartu (OUT_MAP_…),Zapiši '{varname}' kao NetCDF kartu (OUT_MAP_…),Zapísať '{varname}' ako mapu NetCDF (OUT_MAP_…),Запиши '{varname}' като NetCDF карта (OUT_MAP_…),Zapsat '{varname}' jako mapu NetCDF (OUT_MAP_…),Записати '{varname}' як карту NetCDF (OUT_MAP_…)
331,"{tip}
Not available for timeseries (CWatM's outputTypTss has no {type_name}) - use Map (MAP) ▸ {type_name}.","{tip}
Für Zeitreihen nicht verfügbar (CWatMs outputTypTss hat kein {type_name}) – Karte (MAP) ▸ {type_name} verwenden.","{tip}
Non disponibile per le serie temporali (outputTypTss di CWatM non ha {type_name}) - usa Mappa (MAP) ▸ {type_name}.","{tip}
Idősorhoz nem elérhető (a CWatM outputTypTss nem tartalmazza: {type_name}) - használja: Térkép (MAP) ▸ {type_name}.","{tip}
Indisponibil pentru serii de timp (outputTypTss din CWatM nu are {type_name}) - folosește Hartă (MAP) ▸ {type_name}.","{tip}
Nije dostupno za vremenske serije (outputTypTss u CWatM nema {type_name}) - koristite Karta (MAP) ▸ {type_name}.","{tip}
Nije dostupno za vremenske nizove (outputTypTss u CWatM nema {type_name}) - koristite Karta (MAP) ▸ {type_name}.","{tip}
Nedostupné pre časové rady (outputTypTss v CWatM nemá {type_name}) - použite Mapa (MAP) ▸ {type_name}.","{tip}
Не е налично за времеви редове (outputTypTss на CWatM няма {type_name}) - използвайте Карта (MAP) ▸ {type_name}.","{tip}
Nedostupné pro časové řady (outputTypTss v CWatM nemá {type_name}) - použijte Mapa (MAP) ▸ {type_name}.","{tip}
Недоступно для часових рядів (outputTypTss у CWatM не має {type_name}) - використовуйте Карта (MAP) ▸ {type_name}."
332,Browse…,Durchsuchen…,Sfoglia…,Tallózás…,Răsfoiește…,Pregledaj…,Pregledaj…,Prehliadať…,Преглед…,Procházet…,Огляд…
333,Custom file the output box is appended to. Leave empty to use the default <PathOut>/cwatm_out.txt.,"Eigene Datei, an die das Ausgabefenster angehängt wird. Leer lassen, um die Standarddatei <PathOut>/cwatm_out.txt zu verwenden.",File personalizzato a cui viene aggiunto il riquadro di output. Lascia vuoto per usare il predefinito <PathOut>/cwatm_out.txt.,"Egyéni fájl, amelyhez a kimeneti mező hozzáfűződik. Hagyja üresen az alapértelmezett <PathOut>/cwatm_out.txt használatához.",Fișier personalizat la care se adaugă caseta de ieșire. Lasă gol pentru a folosi implicitul <PathOut>/cwatm_out.txt.,Prilagođena datoteka na koju se dodaje izlazni okvir. Ostavite prazno za podrazumevanu <PathOut>/cwatm_out.txt.,Prilagođena datoteka na koju se dodaje izlazni okvir. Ostavite prazno za zadanu <PathOut>/cwatm_out.txt.,"Vlastný súbor, ku ktorému sa pripája výstupné pole. Nechajte prázdne pre predvolený <PathOut>/cwatm_out.txt.","Собствен файл, към който се добавя изходното поле. Оставете празно за стандартния <PathOut>/cwatm_out.txt.","Vlastní soubor, ke kterému se připojuje výstupní pole. Ponechte prázdné pro výchozí <PathOut>/cwatm_out.txt.","Власний файл, до якого додається поле виводу. Залиште порожнім для типового <PathOut>/cwatm_out.txt."
334,Write output box to that file,Ausgabefenster in diese Datei schreiben,Scrivi il riquadro di output in quel file,Kimeneti mező írása abba a fájlba,Scrie caseta de ieșire în acel fișier,Upisuj izlazni okvir u tu datoteku,Zapisuj izlazni okvir u tu datoteku,Zapisovať výstupné pole do tohto súboru,Записвай изходното поле в този файл,Zapisovat výstupní pole do tohoto souboru,Записувати поле виводу в цей файл
335,"Writes input to output box to disk, but can slow down a run","Schreibt den Inhalt des Ausgabefensters auf die Festplatte, kann aber einen Lauf verlangsamen","Scrive il contenuto del riquadro di output su disco, ma può rallentare un'esecuzione","A kimeneti mező tartalmát lemezre írja, de lassíthatja a futást","Scrie conținutul casetei de ieșire pe disc, dar poate încetini o rulare","Upisuje sadržaj izlaznog okvira na disk, ali može usporiti pokretanje","Zapisuje sadržaj izlaznog okvira na disk, ali može usporiti pokretanje","Zapisuje obsah výstupného poľa na disk, ale môže spomaliť beh","Записва съдържанието на изходното поле на диска, но може да забави изпълнението","Zapisuje obsah výstupního pole na disk, ale může zpomalit běh","Записує вміст поля виводу на диск, але може сповільнити запуск"
336,Load previous settings at start,Vorherige Einstellungen beim Start laden,Carica impostazioni precedenti all'avvio,Előző beállítások betöltése indításkor,Încarcă setările anterioare la pornire,Učitaj prethodna podešavanja pri pokretanju,Učitaj prethodne postavke pri pokretanju,Načítať predchádzajúce nastavenia pri spustení,Зареди предишните настройки при стартиране,Načíst předchozí nastavení při spuštění,Завантажувати попередні налаштування під час запуску
337,"When ticked, the last settings file you had open is loaded again automatically the next time CWatM GUI starts.","Wenn angehakt, wird die zuletzt geöffnete Einstellungsdatei beim nächsten Start der CWatM GUI automatisch wieder geladen.","Se selezionato, l'ultimo file di impostazioni aperto viene ricaricato automaticamente al prossimo avvio della CWatM GUI.","Ha be van jelölve, a legutóbb megnyitott beállításfájl automatikusan újra betöltődik a CWatM GUI következő indításakor.","Când este bifat, ultimul fișier de setări deschis este încărcat automat din nou la următoarea pornire a CWatM GUI.","Kada je označeno, poslednja otvorena datoteka podešavanja se automatski ponovo učitava pri sledećem pokretanju CWatM GUI.","Kada je označeno, zadnja otvorena datoteka postavki automatski se ponovno učitava pri sljedećem pokretanju CWatM GUI.","Ak je začiarknuté, naposledy otvorený súbor nastavení sa pri ďalšom spustení CWatM GUI automaticky znova načíta.","Когато е отметнато, последно отвореният файл с настройки се зарежда автоматично при следващото стартиране на CWatM GUI.","Je-li zaškrtnuto, naposledy otevřený soubor nastavení se při příštím spuštění CWatM GUI automaticky znovu načte.","Якщо позначено, останній відкритий файл налаштувань автоматично завантажується знову під час наступного запуску CWatM GUI."
338,Use Modflow,Modflow verwenden,Usa Modflow,Modflow használata,Folosește Modflow,Koristi Modflow,Koristi Modflow,Použiť Modflow,Използвай Modflow,Použít Modflow,Використовувати Modflow
339,Load flopy for MODFLOW coupling. Off = flopy is not loaded (faster start).,flopy für die MODFLOW-Kopplung laden. Aus = flopy wird nicht geladen (schnellerer Start).,Carica flopy per l'accoppiamento con MODFLOW. Off = flopy non viene caricato (avvio più rapido).,A flopy betöltése a MODFLOW-csatoláshoz. Ki = a flopy nem töltődik be (gyorsabb indítás).,Încarcă flopy pentru cuplarea cu MODFLOW. Oprit = flopy nu este încărcat (pornire mai rapidă).,Učitaj flopy za spregu sa MODFLOW. Isključeno = flopy se ne učitava (brže pokretanje).,Učitaj flopy za spregu s MODFLOW. Isključeno = flopy se ne učitava (brže pokretanje).,Načítať flopy na prepojenie s MODFLOW. Vyp. = flopy sa nenačíta (rýchlejšie spustenie).,Зареди flopy за свързване с MODFLOW. Изкл. = flopy не се зарежда (по-бързо стартиране).,Načíst flopy pro propojení s MODFLOW. Vyp. = flopy se nenačte (rychlejší spuštění).,Завантажувати flopy для зв'язку з MODFLOW. Вимк. = flopy не завантажується (швидший запуск).
340,Colour mode of the whole GUI,Farbmodus der gesamten GUI,Modalità colore dell'intera GUI,Az egész GUI színmódja,Modul de culoare al întregului GUI,Režim boja celog GUI-ja,Način boja cijelog GUI-ja,Farebný režim celého GUI,Цветови режим на целия GUI,Barevný režim celého GUI,Колірний режим усього GUI
341,Show Header,Kopfzeile anzeigen,Mostra intestazione,Fejléc megjelenítése,Afișează antetul,Prikaži zaglavlje,Prikaži zaglavlje,Zobraziť hlavičku,Покажи заглавната лента,Zobrazit záhlaví,Показати заголовок
342,Shows the headline of the CWatM GUI,Zeigt die Kopfzeile der CWatM GUI,Mostra l'intestazione della CWatM GUI,A CWatM GUI fejlécének megjelenítése,Afișează antetul CWatM GUI,Prikazuje zaglavlje CWatM GUI,Prikazuje zaglavlje CWatM GUI,Zobrazí hlavičku CWatM GUI,Показва заглавната лента на CWatM GUI,Zobrazí záhlaví CWatM GUI,Показує заголовок CWatM GUI
343,Font the settings file is displayed with (monospaced fonts),"Schriftart, mit der die Einstellungsdatei angezeigt wird (nichtproportionale Schriften)",Carattere con cui viene mostrato il file di impostazioni (caratteri a spaziatura fissa),A beállításfájl megjelenítésének betűtípusa (fix szélességű betűk),Fontul cu care este afișat fișierul de setări (fonturi monospațiate),Font kojim se prikazuje datoteka podešavanja (fontovi fiksne širine),Font kojim se prikazuje datoteka postavki (fontovi fiksne širine),"Písmo, ktorým sa zobrazuje súbor nastavení (neproporcionálne písma)","Шрифтът, с който се показва файлът с настройки (моноширинни шрифтове)","Písmo, kterým se zobrazuje soubor nastavení (neproporcionální písma)","Шрифт, яким показано файл налаштувань (моноширинні шрифти)"
344,Size the settings file is displayed with - the same setting as the Font+ / Font- buttons above the settings file,Schriftgröße der Einstellungsdatei – dieselbe Einstellung wie die Schaltflächen Schrift+ / Schrift- über der Einstellungsdatei,Dimensione con cui viene mostrato il file di impostazioni - la stessa impostazione dei pulsanti Carattere+ / Carattere- sopra il file di impostazioni,"A beállításfájl megjelenítésének mérete - ugyanaz a beállítás, mint a beállításfájl feletti Betű+ / Betű- gombok",Dimensiunea cu care este afișat fișierul de setări - aceeași setare ca butoanele Font+ / Font- de deasupra fișierului de setări,Veličina kojom se prikazuje datoteka podešavanja - isto podešavanje kao dugmad Font+ / Font- iznad datoteke podešavanja,Veličina kojom se prikazuje datoteka postavki - ista postavka kao gumbi Font+ / Font- iznad datoteke postavki,"Veľkosť, ktorou sa zobrazuje súbor nastavení - rovnaké nastavenie ako tlačidlá Písmo+ / Písmo- nad súborom nastavení","Размерът, с който се показва файлът с настройки - същата настройка като бутоните Шрифт+ / Шрифт- над файла с настройки","Velikost, kterou se zobrazuje soubor nastavení - stejné nastavení jako tlačítka Písmo+ / Písmo- nad souborem nastavení","Розмір, яким показано файл налаштувань - те саме налаштування, що й кнопки Шрифт+ / Шрифт- над файлом налаштувань"
345,Number of decimals shown throughout all displays (default 3),Anzahl der in allen Anzeigen dargestellten Nachkommastellen (Standard 3),Numero di decimali mostrati in tutte le visualizzazioni (predefinito 3),Az összes megjelenítésben látható tizedesjegyek száma (alapértelmezés 3),Numărul de zecimale afișate în toate afișările (implicit 3),Broj decimala prikazanih u svim prikazima (podrazumevano 3),Broj decimala prikazanih u svim prikazima (zadano 3),Počet desatinných miest zobrazených vo všetkých zobrazeniach (predvolene 3),"Брой десетични знаци, показвани във всички изгледи (по подразбиране 3)",Počet desetinných míst zobrazených ve všech zobrazeních (výchozí 3),Кількість десяткових знаків в усіх відображеннях (типово 3)
346,"Initial map transparency used by NetCDF and Show Basin.
0 = OSM hidden (only the data); 100 = OSM fully visible (data 50% on top)","Anfängliche Kartentransparenz für NetCDF und Einzugsgebiet anzeigen.
0 = OSM ausgeblendet (nur die Daten); 100 = OSM voll sichtbar (Daten 50 % darüber)","Trasparenza iniziale della mappa usata da NetCDF e Mostra bacino.
0 = OSM nascosta (solo i dati); 100 = OSM completamente visibile (dati al 50% sopra)","A NetCDF és a Vízgyűjtő megjelenítése által használt kezdeti térkép-átlátszóság.
0 = OSM rejtve (csak az adatok); 100 = OSM teljesen látható (adatok 50%-ban felül)","Transparența inițială a hărții folosită de NetCDF și Afișează bazinul.
0 = OSM ascunsă (doar datele); 100 = OSM complet vizibilă (date 50% deasupra)","Početna providnost karte koju koriste NetCDF i Prikaži sliv.
0 = OSM skrivena (samo podaci); 100 = OSM potpuno vidljiva (podaci 50% preko)","Početna prozirnost karte koju koriste NetCDF i Prikaži sliv.
0 = OSM skrivena (samo podaci); 100 = OSM potpuno vidljiva (podaci 50% preko)","Počiatočná priehľadnosť mapy pre NetCDF a Zobraziť povodie.
0 = OSM skrytá (iba údaje); 100 = OSM úplne viditeľná (údaje 50% navrchu)","Начална прозрачност на картата за NetCDF и Покажи водосбора.
0 = OSM скрита (само данните); 100 = OSM напълно видима (данни 50% отгоре)","Počáteční průhlednost mapy pro NetCDF a Zobrazit povodí.
0 = OSM skrytá (pouze data); 100 = OSM zcela viditelná (data z 50% nahoře)","Початкова прозорість карти для NetCDF і Показати басейн.
0 = OSM прихована (лише дані); 100 = OSM повністю видима (дані на 50% зверху)"
347,Basemap Show Basin opens with,"Grundkarte, mit der „Einzugsgebiet anzeigen“ öffnet",Mappa di base con cui si apre Mostra bacino,"Alaptérkép, amellyel a Vízgyűjtő megjelenítése megnyílik",Harta de bază cu care se deschide Afișează bazinul,Osnovna karta sa kojom se otvara Prikaži sliv,Osnovna karta s kojom se otvara Prikaži sliv,"Podkladová mapa, s ktorou sa otvorí Zobraziť povodie","Основна карта, с която се отваря Покажи водосбора","Podkladová mapa, se kterou se otevře Zobrazit povodí","Базова карта, з якою відкривається Показати басейн"
348,Animal shown now and then on the live discharge plot,"Tier, das ab und zu auf der Live-Abflussgrafik erscheint",Animale mostrato di tanto in tanto sul grafico della portata in tempo reale,Az élő vízhozam-ábrán időnként megjelenő állat,Animal afișat din când în când pe graficul debitului în timp real,Životinja koja se povremeno pojavljuje na grafikonu proticaja uživo,Životinja koja se povremeno pojavljuje na grafikonu protoka uživo,"Zviera, ktoré sa občas zobrazí na živom grafe prietoku","Животно, което се показва от време на време на графиката на оттока в реално време","Zvíře, které se občas zobrazí na živém grafu průtoku","Тварина, яка час від часу з'являється на графіку витрат у реальному часі"
349,Tooltip reverse,Tooltip invertiert,Tooltip invertito,Fordított tooltip,Tooltip inversat,Obrnuti tooltip,Obrnuti tooltip,Obrátený tooltip,Обърнат tooltip,Obrácený tooltip,Обернена підказка
350,Show tooltips with the text and background colours swapped (light on dark instead of dark on light),Tooltips mit vertauschten Text- und Hintergrundfarben anzeigen (hell auf dunkel statt dunkel auf hell),Mostra i tooltip con i colori del testo e dello sfondo invertiti (chiaro su scuro invece di scuro su chiaro),Tooltipek megjelenítése felcserélt szöveg- és háttérszínnel (világos a sötéten a sötét a világoson helyett),Afișează tooltip-urile cu culorile textului și fundalului inversate (deschis pe închis în loc de închis pe deschis),Prikaži tooltip-ove sa zamenjenim bojama teksta i pozadine (svetlo na tamnom umesto tamno na svetlom),Prikaži tooltipove sa zamijenjenim bojama teksta i pozadine (svijetlo na tamnom umjesto tamno na svijetlom),Zobrazovať tooltipy s vymenenými farbami textu a pozadia (svetlé na tmavom namiesto tmavého na svetlom),Показвай подсказките с разменени цветове на текста и фона (светло на тъмно вместо тъмно на светло),Zobrazovat tooltipy s prohozenými barvami textu a pozadí (světlé na tmavém místo tmavého na světlém),Показувати підказки з переставленими кольорами тексту й тла (світле на темному замість темного на світлому)
351,The skill of the user determines how much of the settingsfile is presented,"Die Erfahrungsstufe bestimmt, wie viel von der Einstellungsdatei angezeigt wird",Il livello dell'utente determina quanta parte del file di impostazioni viene mostrata,"A felhasználói szint határozza meg, mennyi látszik a beállításfájlból",Nivelul utilizatorului determină cât din fișierul de setări este afișat,Nivo korisnika određuje koliko se od datoteke podešavanja prikazuje,Razina korisnika određuje koliko se datoteke postavki prikazuje,"Úroveň používateľa určuje, koľko zo súboru nastavení sa zobrazí",Нивото на потребителя определя колко от файла с настройки се показва,"Úroveň uživatele určuje, kolik ze souboru nastavení se zobrazí","Рівень користувача визначає, яку частину файлу налаштувань показано"
352,Web-style date picker,Datumsauswahl im Web-Stil,Selettore di date in stile web,Webes stílusú dátumválasztó,Selector de dată în stil web,Birač datuma u veb stilu,Birač datuma u web stilu,Výber dátumu v štýle webu,Избор на дата в уеб стил,Výběr data ve stylu webu,Вибір дати у вебстилі
353,Pick the Start/Spin/End dates with a modern frameless calendar popup (📅 button); untick to go back to the classic drop-down calendar,Start/Spin/Ende-Daten mit einem modernen rahmenlosen Kalender-Popup wählen (📅-Schaltfläche); abwählen für den klassischen Aufklappkalender,Scegli le date Inizio/Spin/Fine con un moderno calendario a comparsa senza bordi (pulsante 📅); deseleziona per tornare al classico calendario a discesa,"A Kezdet/Spin/Vég dátumok kiválasztása modern, keret nélküli felugró naptárral (📅 gomb); törölje a jelölést a klasszikus legördülő naptárhoz","Alege datele Început/Spin/Sfârșit cu un calendar pop-up modern, fără margini (butonul 📅); debifează pentru a reveni la calendarul clasic derulant",Izaberite datume Početak/Spin/Kraj modernim iskačućim kalendarom bez okvira (dugme 📅); poništite za povratak na klasični padajući kalendar,Odaberite datume Početak/Spin/Kraj modernim skočnim kalendarom bez okvira (gumb 📅); poništite za povratak na klasični padajući kalendar,Vyberať dátumy Začiatok/Spin/Koniec moderným vyskakovacím kalendárom bez rámu (tlačidlo 📅); zrušte začiarknutie pre klasický rozbaľovací kalendár,Избирайте датите Начало/Spin/Край с модерен изскачащ календар без рамка (бутон 📅); махнете отметката за класическия падащ календар,Vybírat data Začátek/Spin/Konec moderním vyskakovacím kalendářem bez rámu (tlačítko 📅); zrušte zaškrtnutí pro klasický rozbalovací kalendář,Вибирати дати Початок/Spin/Кінець сучасним спливаючим календарем без рамки (кнопка 📅); зніміть позначку для класичного розкривного календаря
354,Date timeline,Datums-Zeitleiste,Linea temporale delle date,Dátum-idővonal,Cronologie a datelor,Vremenska linija datuma,Vremenska crta datuma,Časová os dátumov,Времева линия на датите,Časová osa dat,Часова шкала дат
355,Show a draggable Start/Spin/End timeline below the date fields (the band behind it is the meteo-forcing coverage),Eine verschiebbare Start/Spin/Ende-Zeitleiste unter den Datumsfeldern anzeigen (das Band dahinter ist der Zeitraum der meteorologischen Antriebsdaten),Mostra una linea temporale trascinabile Inizio/Spin/Fine sotto i campi data (la banda dietro è la copertura dei dati meteorologici),Húzható Kezdet/Spin/Vég idővonal megjelenítése a dátummezők alatt (a mögötte lévő sáv a meteorológiai adatok lefedettsége),"Afișează o cronologie Început/Spin/Sfârșit care poate fi trasă, sub câmpurile de dată (banda din spate este acoperirea datelor meteorologice)",Prikaži vremensku liniju Početak/Spin/Kraj koja se može prevlačiti ispod polja datuma (traka iza je pokrivenost meteoroloških podataka),Prikaži vremensku crtu Početak/Spin/Kraj koja se može povlačiti ispod polja datuma (traka iza nje je pokrivenost meteoroloških podataka),Zobraziť posúvateľnú časovú os Začiatok/Spin/Koniec pod poľami dátumu (pás za ňou je pokrytie meteorologickými údajmi),Покажи плъзгаема времева линия Начало/Spin/Край под полетата за дата (лентата зад нея е покритието с метеорологични данни),Zobrazit posuvnou časovou osu Začátek/Spin/Konec pod poli data (pás za ní je pokrytí meteorologickými daty),Показувати перетягувану часову шкалу Початок/Spin/Кінець під полями дат (смуга позаду — покриття метеорологічними даними)
356,Bookmark Change,Änderung mit Lesezeichen,Segnalibro sulle modifiche,Könyvjelző változáskor,Semn de carte la modificare,Obeleživač pri izmeni,Knjižna oznaka pri promjeni,Záložka pri zmene,Отметка при промяна,Záložka při změně,Закладка при зміні
357,Automatically set a bookmark on a line when it is changed (skips a line if a bookmark is already 1 or 2 lines above/below),"Automatisch ein Lesezeichen auf eine geänderte Zeile setzen (überspringt eine Zeile, wenn 1 oder 2 Zeilen darüber/darunter bereits ein Lesezeichen ist)",Imposta automaticamente un segnalibro su una riga quando viene modificata (salta la riga se c'è già un segnalibro 1 o 2 righe sopra/sotto),"Automatikusan könyvjelzőt tesz egy sorra, amikor az megváltozik (kihagyja a sort, ha 1 vagy 2 sorral feljebb/lejjebb már van könyvjelző)",Setează automat un semn de carte pe o linie când este modificată (sare peste linie dacă există deja un semn de carte cu 1 sau 2 linii mai sus/mai jos),Automatski postavi obeleživač na liniju kada se izmeni (preskače liniju ako već postoji obeleživač 1 ili 2 linije iznad/ispod),Automatski postavi knjižnu oznaku na redak kada se promijeni (preskače redak ako već postoji knjižna oznaka 1 ili 2 retka iznad/ispod),"Automaticky nastaviť záložku na riadok pri jeho zmene (preskočí riadok, ak už je záložka 1 alebo 2 riadky nad/pod ním)","Автоматично постави отметка на ред при промяната му (пропуска реда, ако вече има отметка 1 или 2 реда над/под него)","Automaticky nastavit záložku na řádek při jeho změně (přeskočí řádek, pokud už je záložka 1 nebo 2 řádky nad/pod ním)","Автоматично ставити закладку на рядок, коли його змінено (пропускає рядок, якщо закладка вже є на 1 або 2 рядки вище/нижче)"
358,Use Tabs,Tabs verwenden,Usa schede,Lapok használata,Folosește file,Koristi kartice,Koristi kartice,Použiť karty,Използвай раздели,Použít karty,Використовувати вкладки
359,"Show the tab bar above the settings file, so several settings files can be open at once (right-click a tab for Delete Tab / Copy Tab / Run CWatM).
Shown in the Expert skill level only; open tabs keep their content while the bar is hidden.","Die Tab-Leiste über der Einstellungsdatei anzeigen, sodass mehrere Einstellungsdateien gleichzeitig geöffnet sein können (Rechtsklick auf einen Tab für Tab löschen / Tab kopieren / CWatM starten).
Nur in der Erfahrungsstufe Experte sichtbar; geöffnete Tabs behalten ihren Inhalt, während die Leiste ausgeblendet ist.","Mostra la barra delle schede sopra il file di impostazioni, così più file di impostazioni possono essere aperti insieme (clic destro su una scheda per Elimina scheda / Copia scheda / Avvia CWatM).
Mostrata solo nel livello Esperto; le schede aperte mantengono il contenuto mentre la barra è nascosta.","A lapsáv megjelenítése a beállításfájl felett, így egyszerre több beállításfájl lehet nyitva (jobb kattintás egy lapon: Lap törlése / Lap másolása / CWatM indítása).
Csak a Szakértő szinten látható; a nyitott lapok megtartják tartalmukat, amíg a sáv rejtve van.","Afișează bara de file deasupra fișierului de setări, astfel încât mai multe fișiere de setări pot fi deschise simultan (clic dreapta pe o filă pentru Șterge fila / Copiază fila / Pornește CWatM).
Afișată doar la nivelul Expert; filele deschise își păstrează conținutul cât timp bara este ascunsă.","Prikaži traku kartica iznad datoteke podešavanja, pa više datoteka podešavanja može biti otvoreno istovremeno (desni klik na karticu za Obriši karticu / Kopiraj karticu / Pokreni CWatM).
Prikazuje se samo na nivou Stručnjak; otvorene kartice zadržavaju sadržaj dok je traka skrivena.","Prikaži traku kartica iznad datoteke postavki, pa više datoteka postavki može biti otvoreno istodobno (desni klik na karticu za Izbriši karticu / Kopiraj karticu / Pokreni CWatM).
Prikazuje se samo na razini Stručnjak; otvorene kartice zadržavaju sadržaj dok je traka skrivena.","Zobraziť lištu kariet nad súborom nastavení, aby mohlo byť otvorených viac súborov nastavení naraz (pravý klik na kartu pre Odstrániť kartu / Kopírovať kartu / Spustiť CWatM).
Zobrazuje sa iba na úrovni Expert; otvorené karty si zachovajú obsah, kým je lišta skrytá.","Покажи лентата с раздели над файла с настройки, така че няколко файла с настройки да са отворени едновременно (десен бутон върху раздел за Изтрий раздел / Копирай раздел / Стартирай CWatM).
Показва се само на ниво Експерт; отворените раздели запазват съдържанието си, докато лентата е скрита.","Zobrazit lištu karet nad souborem nastavení, aby mohlo být otevřeno více souborů nastavení najednou (pravý klik na kartu pro Odstranit kartu / Kopírovat kartu / Spustit CWatM).
Zobrazuje se pouze na úrovni Expert; otevřené karty si zachovají obsah, dokud je lišta skrytá.","Показувати панель вкладок над файлом налаштувань, щоб одночасно можна було відкрити кілька файлів налаштувань (правий клік на вкладці для Видалити вкладку / Копіювати вкладку / Запустити CWatM).
Показується лише на рівні Експерт; відкриті вкладки зберігають вміст, поки панель прихована."
360,Folder where the Journal of Runs (log of past runs) is stored,"Ordner, in dem das Laufprotokoll (Protokoll vergangener Läufe) gespeichert wird",Cartella in cui è memorizzato il Registro delle esecuzioni (log delle esecuzioni passate),"A mappa, ahol a Futási napló (a korábbi futások naplója) tárolódik",Folderul în care este stocat Jurnalul rulărilor (jurnalul rulărilor anterioare),Fascikla u kojoj se čuva Dnevnik pokretanja (zapis prethodnih pokretanja),Mapa u kojoj se sprema Dnevnik pokretanja (zapis prethodnih pokretanja),"Priečinok, v ktorom je uložený Denník behov (záznam minulých behov)","Папка, в която се съхранява Дневникът на изпълненията (записът на минали изпълнения)","Složka, ve které je uložen Deník běhů (záznam minulých běhů)","Папка, де зберігається Журнал запусків (запис минулих запусків)"
361,How many days of runs to keep in the Journal of Runs (0 = keep forever),Wie viele Tage an Läufen im Laufprotokoll aufbewahrt werden (0 = für immer),Per quanti giorni conservare le esecuzioni nel Registro delle esecuzioni (0 = per sempre),Hány napig maradjanak meg a futások a Futási naplóban (0 = örökre),Câte zile de rulări se păstrează în Jurnalul rulărilor (0 = pentru totdeauna),Koliko dana pokretanja čuvati u Dnevniku pokretanja (0 = zauvek),Koliko dana pokretanja čuvati u Dnevniku pokretanja (0 = zauvijek),Koľko dní behov uchovávať v Denníku behov (0 = navždy),Колко дни да се пазят изпълненията в Дневника на изпълненията (0 = завинаги),Kolik dní běhů uchovávat v Deníku běhů (0 = navždy),Скільки днів зберігати запуски в Журналі запусків (0 = назавжди)
362,Copy value,Wert kopieren,Copia valore,Érték másolása,Copiază valoarea,Kopiraj vrednost,Kopiraj vrijednost,Kopírovať hodnotu,Копирай стойността,Kopírovat hodnotu,Копіювати значення
363,Copy row(s)	Ctrl+C,Zeile(n) kopieren	Strg+C,Copia riga/e	Ctrl+C,Sor(ok) másolása	Ctrl+C,Copiază rândul(-urile)	Ctrl+C,Kopiraj red(ove)	Ctrl+C,Kopiraj redak(e)	Ctrl+C,Kopírovať riadok(y)	Ctrl+C,Копирай ред(ове)	Ctrl+C,Kopírovat řádek(y)	Ctrl+C,Копіювати рядок(и)	Ctrl+C
364,Export as CSV…,Als CSV exportieren…,Esporta come CSV…,Exportálás CSV-ként…,Exportă ca CSV…,Izvezi kao CSV…,Izvezi kao CSV…,Exportovať ako CSV…,Експортирай като CSV…,Exportovat jako CSV…,Експортувати як CSV…
365,Export as CSV,Als CSV exportieren,Esporta come CSV,Exportálás CSV-ként,Exportă ca CSV,Izvezi kao CSV,Izvezi kao CSV,Exportovať ako CSV,Експортирай като CSV,Exportovat jako CSV,Експортувати як CSV
366,Write this metadata table to a .csv file,Diese Metadatentabelle in eine .csv-Datei schreiben,Scrivi questa tabella di metadati in un file .csv,A metaadat-táblázat kiírása .csv fájlba,Scrie acest tabel de metadate într-un fișier .csv,Upiši ovu tabelu metapodataka u .csv datoteku,Zapiši ovu tablicu metapodataka u .csv datoteku,Zapísať túto tabuľku metaúdajov do súboru .csv,Запиши тази таблица с метаданни в .csv файл,Zapsat tuto tabulku metadat do souboru .csv,Записати цю таблицю метаданих у файл .csv
367,Preview settingsfile,Einstellungsdatei-Vorschau,Anteprima file di impostazioni,Beállításfájl előnézete,Previzualizează fișierul de setări,Pregled datoteke podešavanja,Pregled datoteke postavki,Náhľad súboru nastavení,Преглед на файла с настройки,Náhled souboru nastavení,Попередній перегляд файлу налаштувань
368,Compare with current,Mit aktueller vergleichen,Confronta con il corrente,Összehasonlítás az aktuálissal,Compară cu cel curent,Uporedi sa trenutnom,Usporedi s trenutnom,Porovnať s aktuálnym,Сравни с текущия,Porovnat s aktuálním,Порівняти з поточним
369,Show Inputfiles,Eingabedateien anzeigen,Mostra file di input,Bemeneti fájlok megjelenítése,Afișează fișierele de intrare,Prikaži ulazne datoteke,Prikaži ulazne datoteke,Zobraziť vstupné súbory,Покажи входните файлове,Zobrazit vstupní soubory,Показати вхідні файли
370,Restore,Wiederherstellen,Ripristina,Visszaállítás,Restaurează,Vrati,Vrati,Obnoviť,Възстанови,Obnovit,Відновити
371,"Show the settings file stored in this NetCDF, read-only",Die in dieser NetCDF gespeicherte Einstellungsdatei schreibgeschützt anzeigen,"Mostra il file di impostazioni memorizzato in questo NetCDF, in sola lettura","Az ebben a NetCDF-ben tárolt beállításfájl megjelenítése, csak olvasásra","Afișează fișierul de setări stocat în acest NetCDF, doar citire","Prikaži datoteku podešavanja sačuvanu u ovom NetCDF-u, samo za čitanje","Prikaži datoteku postavki spremljenu u ovom NetCDF-u, samo za čitanje","Zobraziť súbor nastavení uložený v tomto NetCDF, iba na čítanie","Покажи файла с настройки, съхранен в този NetCDF, само за четене","Zobrazit soubor nastavení uložený v tomto NetCDF, pouze pro čtení","Показати файл налаштувань, збережений у цьому NetCDF, лише для читання"
372,Diff the stored settings file against the one loaded now (closes this window),Die gespeicherte Einstellungsdatei mit der aktuell geladenen vergleichen (schließt dieses Fenster),Confronta il file di impostazioni memorizzato con quello caricato ora (chiude questa finestra),A tárolt beállításfájl összehasonlítása a most betöltöttel (bezárja az ablakot),Compară fișierul de setări stocat cu cel încărcat acum (închide această fereastră),Uporedi sačuvanu datoteku podešavanja sa trenutno učitanom (zatvara ovaj prozor),Usporedi spremljenu datoteku postavki s trenutno učitanom (zatvara ovaj prozor),Porovnať uložený súbor nastavení s práve načítaným (zavrie toto okno),Сравни съхранения файл с настройки с текущо заредения (затваря този прозорец),Porovnat uložený soubor nastavení s právě načteným (zavře toto okno),Порівняти збережений файл налаштувань із щойно завантаженим (закриває це вікно)
373,Save the settings file stored in this NetCDF (version_settingsfile) to a new file and load it,Die in dieser NetCDF gespeicherte Einstellungsdatei (version_settingsfile) in eine neue Datei speichern und laden,Salva il file di impostazioni memorizzato in questo NetCDF (version_settingsfile) in un nuovo file e caricalo,Az ebben a NetCDF-ben tárolt beállításfájl (version_settingsfile) mentése új fájlba és betöltése,Salvează fișierul de setări stocat în acest NetCDF (version_settingsfile) într-un fișier nou și încarcă-l,Sačuvaj datoteku podešavanja iz ovog NetCDF-a (version_settingsfile) u novu datoteku i učitaj je,Spremi datoteku postavki iz ovog NetCDF-a (version_settingsfile) u novu datoteku i učitaj je,Uložiť súbor nastavení z tohto NetCDF (version_settingsfile) do nového súboru a načítať ho,Запиши файла с настройки от този NetCDF (version_settingsfile) в нов файл и го зареди,Uložit soubor nastavení z tohoto NetCDF (version_settingsfile) do nového souboru a načíst jej,Зберегти файл налаштувань із цього NetCDF (version_settingsfile) у новий файл і завантажити його
374,This NetCDF has no stored settings file (no 'version_settingsfile' attribute),Diese NetCDF enthält keine gespeicherte Einstellungsdatei (kein Attribut 'version_settingsfile'),Questo NetCDF non contiene un file di impostazioni memorizzato (nessun attributo 'version_settingsfile'),Ez a NetCDF nem tartalmaz tárolt beállításfájlt (nincs 'version_settingsfile' attribútum),Acest NetCDF nu conține un fișier de setări stocat (niciun atribut 'version_settingsfile'),Ovaj NetCDF nema sačuvanu datoteku podešavanja (nema atributa 'version_settingsfile'),Ovaj NetCDF nema spremljenu datoteku postavki (nema atributa 'version_settingsfile'),Tento NetCDF nemá uložený súbor nastavení (žiadny atribút 'version_settingsfile'),Този NetCDF няма съхранен файл с настройки (няма атрибут 'version_settingsfile'),Tento NetCDF nemá uložený soubor nastavení (žádný atribut 'version_settingsfile'),Цей NetCDF не має збереженого файлу налаштувань (немає атрибута 'version_settingsfile')
375,"List the input files (name + date) recorded in version_inputfiles, and check whether they are still there and unchanged","Die in version_inputfiles erfassten Eingabedateien (Name + Datum) auflisten und prüfen, ob sie noch vorhanden und unverändert sind",Elenca i file di input (nome + data) registrati in version_inputfiles e controlla se esistono ancora e sono invariati,"A version_inputfiles-ban rögzített bemeneti fájlok (név + dátum) listázása, és annak ellenőrzése, hogy még megvannak-e és változatlanok-e",Listează fișierele de intrare (nume + dată) înregistrate în version_inputfiles și verifică dacă mai există și sunt nemodificate,Navedi ulazne datoteke (ime + datum) zabeležene u version_inputfiles i proveri da li još postoje i da li su nepromenjene,Navedi ulazne datoteke (naziv + datum) zabilježene u version_inputfiles i provjeri postoje li još i jesu li nepromijenjene,"Vypísať vstupné súbory (názov + dátum) zaznamenané vo version_inputfiles a skontrolovať, či stále existujú a sú nezmenené","Изброй входните файлове (име + дата), записани във version_inputfiles, и провери дали още съществуват и са непроменени","Vypsat vstupní soubory (název + datum) zaznamenané ve version_inputfiles a zkontrolovat, zda stále existují a jsou nezměněné","Перелічити вхідні файли (ім'я + дата), записані у version_inputfiles, і перевірити, чи вони ще існують і не змінені"
376,This NetCDF has no input-file list (no 'version_inputfiles' attribute),Diese NetCDF enthält keine Eingabedateiliste (kein Attribut 'version_inputfiles'),Questo NetCDF non contiene un elenco di file di input (nessun attributo 'version_inputfiles'),Ez a NetCDF nem tartalmaz bemeneti fájllistát (nincs 'version_inputfiles' attribútum),Acest NetCDF nu conține o listă de fișiere de intrare (niciun atribut 'version_inputfiles'),Ovaj NetCDF nema listu ulaznih datoteka (nema atributa 'version_inputfiles'),Ovaj NetCDF nema popis ulaznih datoteka (nema atributa 'version_inputfiles'),Tento NetCDF nemá zoznam vstupných súborov (žiadny atribút 'version_inputfiles'),Този NetCDF няма списък с входни файлове (няма атрибут 'version_inputfiles'),Tento NetCDF nemá seznam vstupních souborů (žádný atribut 'version_inputfiles'),Цей NetCDF не має списку вхідних файлів (немає атрибута 'version_inputfiles')
377,Current settingsfile is not saved. Save it or loose content.,"Die aktuelle Einstellungsdatei ist nicht gespeichert. Speichern Sie sie, sonst geht der Inhalt verloren.",Il file di impostazioni corrente non è salvato. Salvalo o il contenuto andrà perso.,"Az aktuális beállításfájl nincs mentve. Mentse, különben a tartalom elvész.","Fișierul de setări curent nu este salvat. Salvează-l, altfel conținutul se pierde.",Trenutna datoteka podešavanja nije sačuvana. Sačuvajte je ili će sadržaj biti izgubljen.,Trenutna datoteka postavki nije spremljena. Spremite je ili će sadržaj biti izgubljen.,"Aktuálny súbor nastavení nie je uložený. Uložte ho, inak sa obsah stratí.","Текущият файл с настройки не е запазен. Запазете го, иначе съдържанието ще се загуби.","Aktuální soubor nastavení není uložen. Uložte jej, jinak se obsah ztratí.","Поточний файл налаштувань не збережено. Збережіть його, інакше вміст буде втрачено."
378,Save as…,Speichern unter…,Salva come…,Mentés másként…,Salvează ca…,Sačuvaj kao…,Spremi kao…,Uložiť ako…,Запази като…,Uložit jako…,Зберегти як…
379,Write these settings to a file (does not load it),Diese Einstellungen in eine Datei schreiben (lädt sie nicht),Scrivi queste impostazioni in un file (senza caricarlo),Ezeknek a beállításoknak a kiírása fájlba (nem tölti be),Scrie aceste setări într-un fișier (nu îl încarcă),Upiši ova podešavanja u datoteku (ne učitava je),Zapiši ove postavke u datoteku (ne učitava je),Zapísať tieto nastavenia do súboru (nenačíta ho),Запиши тези настройки във файл (не го зарежда),Zapsat tato nastavení do souboru (nenačte jej),Записати ці налаштування у файл (не завантажує його)
380,Load into editor (unsaved),In den Editor laden (ungespeichert),Carica nell'editor (non salvato),Betöltés a szerkesztőbe (nem mentett),Încarcă în editor (nesalvat),Učitaj u editor (nesačuvano),Učitaj u uređivač (nespremljeno),Načítať do editora (neuložené),Зареди в редактора (незапазено),Načíst do editoru (neuloženo),Завантажити в редактор (не збережено)
381,Put these settings into the main editor without writing anything to disk - one Ctrl+Z takes it back,"Diese Einstellungen in den Haupteditor übernehmen, ohne etwas auf die Festplatte zu schreiben – ein Strg+Z macht es rückgängig",Inserisci queste impostazioni nell'editor principale senza scrivere nulla su disco - un Ctrl+Z lo annulla,Ezeknek a beállításoknak a főszerkesztőbe helyezése lemezre írás nélkül - egy Ctrl+Z visszavonja,Pune aceste setări în editorul principal fără a scrie nimic pe disc - un Ctrl+Z le anulează,Stavi ova podešavanja u glavni editor bez upisivanja na disk - jedan Ctrl+Z to poništava,Stavi ove postavke u glavni uređivač bez zapisivanja na disk - jedan Ctrl+Z to poništava,Vložiť tieto nastavenia do hlavného editora bez zápisu na disk - jedno Ctrl+Z to vráti,"Постави тези настройки в главния редактор, без да записваш нищо на диска - едно Ctrl+Z го отменя",Vložit tato nastavení do hlavního editoru bez zápisu na disk - jedno Ctrl+Z to vrátí,Помістити ці налаштування в головний редактор без запису на диск - один Ctrl+Z це скасовує
382,Diff these settings against the one loaded now (closes this window),Diese Einstellungen mit den aktuell geladenen vergleichen (schließt dieses Fenster),Confronta queste impostazioni con quelle caricate ora (chiude questa finestra),Ezeknek a beállításoknak az összehasonlítása a most betöltöttel (bezárja az ablakot),Compară aceste setări cu cele încărcate acum (închide această fereastră),Uporedi ova podešavanja sa trenutno učitanim (zatvara ovaj prozor),Usporedi ove postavke s trenutno učitanima (zatvara ovaj prozor),Porovnať tieto nastavenia s práve načítanými (zavrie toto okno),Сравни тези настройки с текущо заредените (затваря този прозорец),Porovnat tato nastavení s právě načtenými (zavře toto okno),Порівняти ці налаштування із щойно завантаженими (закриває це вікно)
383,Re-check files,Dateien erneut prüfen,Ricontrolla file,Fájlok újraellenőrzése,Reverifică fișierele,Ponovo proveri datoteke,Ponovno provjeri datoteke,Znova skontrolovať súbory,Провери файловете отново,Znovu zkontrolovat soubory,Перевірити файли знову
384,Look for each recorded file again and compare its time stamp with the one the run recorded,Jede erfasste Datei erneut suchen und ihren Zeitstempel mit dem vom Lauf erfassten vergleichen,Cerca di nuovo ogni file registrato e confronta la sua data con quella registrata dall'esecuzione,Minden rögzített fájl újbóli keresése és időbélyegének összevetése a futás által rögzítettel,Caută din nou fiecare fișier înregistrat și compară marcajul său de timp cu cel înregistrat de rulare,Ponovo potraži svaku zabeleženu datoteku i uporedi njenu vremensku oznaku sa onom koju je pokretanje zabeležilo,Ponovno potraži svaku zabilježenu datoteku i usporedi njezinu vremensku oznaku s onom koju je pokretanje zabilježilo,Znova vyhľadať každý zaznamenaný súbor a porovnať jeho časovú pečiatku so zaznamenanou pri behu,"Потърси отново всеки записан файл и сравни времевия му печат с този, записан при изпълнението",Znovu vyhledat každý zaznamenaný soubor a porovnat jeho časové razítko se zaznamenaným při běhu,"Знову знайти кожен записаний файл і порівняти його часову мітку з тією, що записана під час запуску"
385,Group batches,Stapelläufe gruppieren,Raggruppa batch,Kötegek csoportosítása,Grupează loturile,Grupiši grupna pokretanja,Grupiraj skupine,Zoskupiť dávky,Групирай пакетите,Seskupit dávky,Групувати пакети
386,"Show the scenarios of one Batch Run as a single row
(untick to list every scenario)","Die Szenarien eines Stapellaufs als eine Zeile anzeigen
(abwählen, um jedes Szenario aufzulisten)","Mostra gli scenari di un'esecuzione batch come una sola riga
(deseleziona per elencare ogni scenario)","Egy kötegelt futás forgatókönyveinek megjelenítése egyetlen sorként
(törölje a jelölést minden forgatókönyv listázásához)","Afișează scenariile unei rulări în lot ca un singur rând
(debifează pentru a lista fiecare scenariu)","Prikaži scenarije jednog grupnog pokretanja kao jedan red
(poništite da biste naveli svaki scenario)","Prikaži scenarije jednog skupnog pokretanja kao jedan redak
(poništite za popis svakog scenarija)","Zobraziť scenáre jedného dávkového behu ako jeden riadok
(zrušte začiarknutie na vypísanie každého scenára)","Покажи сценариите на едно пакетно изпълнение като един ред
(махнете отметката, за да изброите всеки сценарий)","Zobrazit scénáře jednoho dávkového běhu jako jeden řádek
(zrušte zaškrtnutí pro výpis každého scénáře)","Показувати сценарії одного пакетного запуску одним рядком
(зніміть позначку, щоб перелічити кожен сценарій)"
387,Open results,Ergebnisse öffnen,Apri risultati,Eredmények megnyitása,Deschide rezultatele,Otvori rezultate,Otvori rezultate,Otvoriť výsledky,Отвори резултатите,Otevřít výsledky,Відкрити результати
388,Open this run's PathOut in the Output Explorer,Den PathOut dieses Laufs im Ausgabe-Explorer öffnen,Apri il PathOut di questa esecuzione in Esplora output,A futás PathOut mappájának megnyitása a Kimenet-böngészőben,Deschide PathOut al acestei rulări în Exploratorul de rezultate,Otvori PathOut ovog pokretanja u Istraživaču izlaza,Otvori PathOut ovog pokretanja u Pregledniku izlaza,Otvoriť PathOut tohto behu v Prieskumníkovi výstupov,Отвори PathOut на това изпълнение в Прегледа на резултати,Otevřít PathOut tohoto běhu v Průzkumníku výstupů,Відкрити PathOut цього запуску в Провіднику результатів
389,Load settings,Einstellungen laden,Carica impostazioni,Beállítások betöltése,Încarcă setările,Učitaj podešavanja,Učitaj postavke,Načítať nastavenia,Зареди настройките,Načíst nastavení,Завантажити налаштування
390,Reload this run's settings file into the main window,Die Einstellungsdatei dieses Laufs erneut ins Hauptfenster laden,Ricarica il file di impostazioni di questa esecuzione nella finestra principale,A futás beállításfájljának újratöltése a főablakba,Reîncarcă fișierul de setări al acestei rulări în fereastra principală,Ponovo učitaj datoteku podešavanja ovog pokretanja u glavni prozor,Ponovno učitaj datoteku postavki ovog pokretanja u glavni prozor,Znova načítať súbor nastavení tohto behu do hlavného okna,Презареди файла с настройки на това изпълнение в главния прозорец,Znovu načíst soubor nastavení tohoto běhu do hlavního okna,Перезавантажити файл налаштувань цього запуску в головне вікно
391,Write the rows shown (the filter applies) to a CSV file,Die angezeigten Zeilen (der Filter gilt) in eine CSV-Datei schreiben,Scrivi le righe mostrate (il filtro si applica) in un file CSV,A megjelenített sorok (a szűrő érvényes) kiírása CSV-fájlba,Scrie rândurile afișate (se aplică filtrul) într-un fișier CSV,Upiši prikazane redove (filter se primenjuje) u CSV datoteku,Zapiši prikazane retke (filtar se primjenjuje) u CSV datoteku,Zapísať zobrazené riadky (platí filter) do súboru CSV,Запиши показаните редове (прилага се филтърът) в CSV файл,Zapsat zobrazené řádky (platí filtr) do souboru CSV,Записати показані рядки (фільтр застосовується) у файл CSV
392,"The run's output log - the journal records that a run failed, this says why","Das Ausgabeprotokoll des Laufs – das Laufprotokoll hält fest, dass ein Lauf fehlschlug, dieses sagt warum","Il log di output dell'esecuzione - il registro indica che un'esecuzione è fallita, questo dice perché","A futás kimeneti naplója - a futási napló rögzíti, hogy egy futás sikertelen volt, ez megmondja, miért","Jurnalul de ieșire al rulării - jurnalul rulărilor arată că o rulare a eșuat, acesta spune de ce","Izlazni dnevnik pokretanja - dnevnik pokretanja beleži da pokretanje nije uspelo, ovaj kaže zašto","Izlazni dnevnik pokretanja - dnevnik pokretanja bilježi da pokretanje nije uspjelo, ovaj kaže zašto","Výstupný protokol behu - denník behov zaznamená, že beh zlyhal, tento hovorí prečo","Изходният дневник на изпълнението - дневникът на изпълненията записва, че изпълнение е неуспешно, този казва защо","Výstupní protokol běhu - deník běhů zaznamená, že běh selhal, tento říká proč","Журнал виводу запуску - журнал запусків фіксує, що запуск невдалий, а цей пояснює чому"
393,Re-run,Erneut starten,Riesegui,Újrafuttatás,Rulează din nou,Ponovo pokreni,Ponovno pokreni,Spustiť znova,Изпълни отново,Spustit znovu,Перезапустити
394,Run this run's settings again in a Windowed Run window,Die Einstellungen dieses Laufs erneut in einem Fenster-Lauf starten,Esegui di nuovo le impostazioni di questa esecuzione in una finestra di esecuzione,A futás beállításainak újrafuttatása ablakos futtatásban,Rulează din nou setările acestei rulări într-o fereastră de rulare,Ponovo pokreni podešavanja ovog pokretanja u prozoru za pokretanje,Ponovno pokreni postavke ovog pokretanja u prozoru za pokretanje,Znova spustiť nastavenia tohto behu v okne behu,Изпълни отново настройките на това изпълнение в прозорец за изпълнение,Znovu spustit nastavení tohoto běhu v okně běhu,Знову запустити налаштування цього запуску у вікні запуску
395,Mark two runs (Ctrl/Shift+click) to diff their settings files,"Zwei Läufe markieren (Strg/Umschalt+Klick), um ihre Einstellungsdateien zu vergleichen",Seleziona due esecuzioni (Ctrl/Maiusc+clic) per confrontare i loro file di impostazioni,Jelöljön ki két futást (Ctrl/Shift+kattintás) a beállításfájljaik összehasonlításához,Marchează două rulări (Ctrl/Shift+clic) pentru a compara fișierele lor de setări,Označite dva pokretanja (Ctrl/Shift+klik) da uporedite njihove datoteke podešavanja,Označite dva pokretanja (Ctrl/Shift+klik) za usporedbu njihovih datoteka postavki,Označte dva behy (Ctrl/Shift+klik) na porovnanie ich súborov nastavení,"Маркирайте две изпълнения (Ctrl/Shift+щракване), за да сравните файловете им с настройки",Označte dva běhy (Ctrl/Shift+klik) pro porovnání jejich souborů nastavení,"Позначте два запуски (Ctrl/Shift+клік), щоб порівняти їхні файли налаштувань"
396,Mark two or more runs to overlay the same result file in one Timeseries plot,"Zwei oder mehr Läufe markieren, um dieselbe Ergebnisdatei in einer Zeitreihengrafik zu überlagern",Seleziona due o più esecuzioni per sovrapporre lo stesso file di risultati in un unico grafico di serie temporale,"Jelöljön ki két vagy több futást, hogy ugyanazt az eredményfájlt egy idősor-ábrán jelenítse meg",Marchează două sau mai multe rulări pentru a suprapune același fișier de rezultate într-un singur grafic de serie de timp,Označite dva ili više pokretanja da preklopite istu datoteku rezultata u jednom grafikonu vremenske serije,Označite dva ili više pokretanja za preklapanje iste datoteke rezultata u jednom grafikonu vremenskog niza,Označte dva alebo viac behov na prekrytie rovnakého súboru výsledkov v jednom grafe časového radu,"Маркирайте две или повече изпълнения, за да наложите един и същ файл с резултати в една графика на времеви ред",Označte dva nebo více běhů pro překrytí stejného souboru výsledků v jednom grafu časové řady,"Позначте два або більше запусків, щоб накласти той самий файл результатів на один графік часового ряду"
397,Clean,Bereinigen,Pulisci,Tisztítás,Curățare,Čišćenje,Čišćenje,Vyčistiť,Почистване,Vyčistit,Очищення
398,Delete entry,Eintrag löschen,Elimina voce,Bejegyzés törlése,Șterge intrarea,Obriši unos,Izbriši unos,Odstrániť záznam,Изтрий записа,Odstranit záznam,Видалити запис
399,Remove the marked runs from the journal,Die markierten Läufe aus dem Laufprotokoll entfernen,Rimuovi le esecuzioni selezionate dal registro,A kijelölt futások eltávolítása a naplóból,Elimină rulările marcate din jurnal,Ukloni označena pokretanja iz dnevnika,Ukloni označena pokretanja iz dnevnika,Odstrániť označené behy z denníka,Премахни маркираните изпълнения от дневника,Odebrat označené běhy z deníku,Вилучити позначені запуски з журналу
400,Clear Journal,Laufprotokoll leeren,Svuota registro,Napló ürítése,Golește jurnalul,Isprazni dnevnik,Isprazni dnevnik,Vyprázdniť denník,Изчисти дневника,Vyprázdnit deník,Очистити журнал
401,Delete all recorded runs,Alle erfassten Läufe löschen,Elimina tutte le esecuzioni registrate,Minden rögzített futás törlése,Șterge toate rulările înregistrate,Obriši sva zabeležena pokretanja,Izbriši sva zabilježena pokretanja,Odstrániť všetky zaznamenané behy,Изтрий всички записани изпълнения,Odstranit všechny zaznamenané běhy,Видалити всі записані запуски
402,Double-click to write a note for this run,"Doppelklick, um eine Notiz zu diesem Lauf zu schreiben",Doppio clic per scrivere una nota per questa esecuzione,Dupla kattintás megjegyzés írásához ehhez a futáshoz,Dublu clic pentru a scrie o notă pentru această rulare,Dvostruki klik da napišete belešku za ovo pokretanje,Dvostruki klik za pisanje bilješke za ovo pokretanje,Dvojklikom napíšete poznámku k tomuto behu,"Двойно щракване, за да напишете бележка за това изпълнение",Dvojklikem napíšete poznámku k tomuto běhu,"Подвійне клацання, щоб написати нотатку до цього запуску"
403,Untick “Group batches” to note one scenario,"„Stapelläufe gruppieren“ abwählen, um ein einzelnes Szenario zu notieren",Deseleziona “Raggruppa batch” per annotare un singolo scenario,Törölje a “Kötegek csoportosítása” jelölést egyetlen forgatókönyv megjegyzéséhez,Debifează “Grupează loturile” pentru a nota un singur scenariu,Poništite “Grupiši grupna pokretanja” da zabeležite jedan scenario,Poništite “Grupiraj skupine” za bilješku o jednom scenariju,Zrušte začiarknutie “Zoskupiť dávky” na poznámku k jednému scenáru,"Махнете отметката “Групирай пакетите”, за да направите бележка за един сценарий",Zrušte zaškrtnutí “Seskupit dávky” pro poznámku k jednomu scénáři,"Зніміть позначку “Групувати пакети”, щоб додати нотатку до одного сценарію"
404,This path does not exist any more,Dieser Pfad existiert nicht mehr,Questo percorso non esiste più,Ez az útvonal már nem létezik,Această cale nu mai există,Ova putanja više ne postoji,Ova putanja više ne postoji,Táto cesta už neexistuje,Този път вече не съществува,Tato cesta již neexistuje,Цей шлях більше не існує
405,{shown} of {self.table.rowCount()} rows match,{shown} von {self.table.rowCount()} Zeilen passen,{shown} di {self.table.rowCount()} righe corrispondono,{shown} / {self.table.rowCount()} sor egyezik,{shown} din {self.table.rowCount()} rânduri corespund,{shown} od {self.table.rowCount()} redova odgovara,{shown} od {self.table.rowCount()} redaka odgovara,{shown} z {self.table.rowCount()} riadkov vyhovuje,{shown} от {self.table.rowCount()} реда съвпадат,{shown} z {self.table.rowCount()} řádků odpovídá,{shown} з {self.table.rowCount()} рядків відповідають
406,Open results (Output Explorer),Ergebnisse öffnen (Ausgabe-Explorer),Apri risultati (Esplora output),Eredmények megnyitása (Kimenet-böngésző),Deschide rezultatele (Exploratorul de rezultate),Otvori rezultate (Istraživač izlaza),Otvori rezultate (Preglednik izlaza),Otvoriť výsledky (Prieskumník výstupov),Отвори резултатите (Преглед на резултати),Otevřít výsledky (Průzkumník výstupů),Відкрити результати (Провідник результатів)
407,Open PathOut in the file manager,PathOut im Dateimanager öffnen,Apri PathOut nel gestore file,PathOut megnyitása a fájlkezelőben,Deschide PathOut în managerul de fișiere,Otvori PathOut u upravljaču datoteka,Otvori PathOut u upravitelju datoteka,Otvoriť PathOut v správcovi súborov,Отвори PathOut във файловия мениджър,Otevřít PathOut ve správci souborů,Відкрити PathOut у файловому менеджері
408,Copy PathOut,PathOut kopieren,Copia PathOut,PathOut másolása,Copiază PathOut,Kopiraj PathOut,Kopiraj PathOut,Kopírovať PathOut,Копирай PathOut,Kopírovat PathOut,Копіювати PathOut
409,Copy settings path,Einstellungspfad kopieren,Copia percorso impostazioni,Beállítások útvonalának másolása,Copiază calea setărilor,Kopiraj putanju podešavanja,Kopiraj putanju postavki,Kopírovať cestu nastavení,Копирай пътя на настройките,Kopírovat cestu nastavení,Копіювати шлях налаштувань
410,Delete from the journal,Aus dem Laufprotokoll löschen,Elimina dal registro,Törlés a naplóból,Șterge din jurnal,Obriši iz dnevnika,Izbriši iz dnevnika,Odstrániť z denníka,Изтрий от дневника,Odstranit z deníku,Видалити з журналу
411,Language,Sprache,Lingua,Nyelv,Limbă,Jezik,Jezik,Jazyk,Език,Jazyk,Мова
412,"Language of the menus, buttons and tooltips - applied at once and remembered for the next start","Sprache der Menüs, Schaltflächen und Tooltips – wird sofort übernommen und beim nächsten Start beibehalten","Lingua di menu, pulsanti e tooltip - applicata subito e ricordata al prossimo avvio","A menük, gombok és tooltipek nyelve - azonnal érvényes, és a következő indításkor is megmarad","Limba meniurilor, butoanelor și tooltip-urilor - aplicată imediat și păstrată la următoarea pornire","Jezik menija, dugmadi i tooltip-ova - primenjuje se odmah i pamti za sledeće pokretanje","Jezik izbornika, gumba i tooltipova - primjenjuje se odmah i pamti za sljedeće pokretanje","Jazyk ponúk, tlačidiel a tooltipov - použije sa hneď a zapamätá sa pre ďalšie spustenie","Език на менютата, бутоните и подсказките - прилага се веднага и се запомня за следващото стартиране","Jazyk nabídek, tlačítek a tooltipů - použije se hned a zapamatuje se pro příští spuštění","Мова меню, кнопок і підказок - застосовується одразу й запам'ятовується для наступного запуску"
413,Clear checking,Prüfmarkierungen entfernen,Rimuovi controllo,Ellenőrzés törlése,Șterge verificarea,Ukloni proveru,Ukloni provjeru,Zrušiť kontrolu,Изчисти проверката,Zrušit kontrolu,Очистити перевірку
414,Uncompare Tab,Tab-Vergleich aufheben,Annulla confronto scheda,Lap-összehasonlítás megszüntetése,Anulează compararea filei,Poništi poređenje kartica,Poništi usporedbu kartica,Zrušiť porovnanie kariet,Отмени сравнението на раздели,Zrušit porovnání karet,Скасувати порівняння вкладок
415,Apply,Übernehmen,Applica,Alkalmaz,Aplică,Primeni,Primijeni,Použiť,Приложи,Použít,Застосувати
416,Yes,Ja,Sì,Igen,Da,Da,Da,Áno,Да,Ano,Так
417,No,Nein,No,Nem,Nu,Ne,Ne,Nie,Не,Ne,Ні
418,Discard,Verwerfen,Scarta,Elvetés,Renunță,Odbaci,Odbaci,Zahodiť,Отхвърли,Zahodit,Відкинути
419,Output,Ausgabe,Output,Kimenet,Ieșire,Izlaz,Izlaz,Výstup,Изход,Výstup,Вивід
420,Startup & Model,Start & Modell,Avvio & Modello,Indítás & Modell,Pornire & Model,Pokretanje & Model,Pokretanje & Model,Spustenie & Model,Стартиране & Модел,Spuštění & Model,Запуск & Модель
421,Editor & Dates,Editor & Datum,Editor & Date,Szerkesztő & Dátumok,Editor & Date calendaristice,Editor & Datumi,Uređivač & Datumi,Editor & Dátumy,Редактор & Дати,Editor & Data,Редактор & Дати
422,Run History,Laufhistorie,Cronologia esecuzioni,Futási előzmények,Istoricul rulărilor,Istorija pokretanja,Povijest pokretanja,História behov,История на изпълненията,Historie běhů,Історія запусків
423,"Where the content of the CWatM output box is written to, and whether it is written at all.",Wohin der Inhalt des CWatM-Ausgabefensters geschrieben wird und ob er überhaupt geschrieben wird.,"Dove viene scritto il contenuto del riquadro di output di CWatM, e se viene scritto.","Hová íródik a CWatM kimeneti mező tartalma, és egyáltalán íródik-e.",Unde este scris conținutul casetei de ieșire CWatM și dacă este scris.,Gde se upisuje sadržaj izlaznog okvira CWatM i da li se uopšte upisuje.,Gdje se zapisuje sadržaj izlaznog okvira CWatM i zapisuje li se uopće.,Kam sa zapisuje obsah výstupného poľa CWatM a či sa vôbec zapisuje.,Къде се записва съдържанието на изходното поле на CWatM и дали изобщо се записва.,Kam se zapisuje obsah výstupního pole CWatM a zda se vůbec zapisuje.,Куди записується вміст поля виводу CWatM і чи записується взагалі.
424,"What happens when the GUI starts, and which model libraries are loaded.",Was beim Start der GUI passiert und welche Modellbibliotheken geladen werden.,Cosa succede all'avvio della GUI e quali librerie del modello vengono caricate.,"Mi történik a GUI indításakor, és mely modellkönyvtárak töltődnek be.",Ce se întâmplă la pornirea GUI și ce biblioteci ale modelului sunt încărcate.,Šta se dešava pri pokretanju GUI-ja i koje biblioteke modela se učitavaju.,Što se događa pri pokretanju GUI-ja i koje se knjižnice modela učitavaju.,Čo sa deje pri spustení GUI a ktoré knižnice modelu sa načítajú.,Какво се случва при стартиране на GUI и кои библиотеки на модела се зареждат.,Co se děje při spuštění GUI a které knihovny modelu se načítají.,Що відбувається під час запуску GUI і які бібліотеки моделі завантажуються.
425,"Colours, the banner, the settings-file font, and the defaults the map and number displays open with.","Farben, die Kopfzeile, die Schrift der Einstellungsdatei und die Voreinstellungen, mit denen Karten- und Zahlenanzeigen öffnen.","Colori, l'intestazione, il carattere del file di impostazioni e i valori predefiniti con cui si aprono mappe e numeri.","Színek, a fejléc, a beállításfájl betűtípusa és az alapértékek, amelyekkel a térképek és számkijelzők megnyílnak.","Culori, antetul, fontul fișierului de setări și valorile implicite cu care se deschid hărțile și afișajele numerice.","Boje, zaglavlje, font datoteke podešavanja i podrazumevane vrednosti sa kojima se otvaraju karte i brojčani prikazi.","Boje, zaglavlje, font datoteke postavki i zadane vrijednosti s kojima se otvaraju karte i brojčani prikazi.","Farby, hlavička, písmo súboru nastavení a predvolené hodnoty, s ktorými sa otvárajú mapy a číselné zobrazenia.","Цветове, заглавната лента, шрифтът на файла с настройки и стойностите по подразбиране, с които се отварят картите и числовите изгледи.","Barvy, záhlaví, písmo souboru nastavení a výchozí hodnoty, se kterými se otevírají mapy a číselná zobrazení.","Кольори, заголовок, шрифт файлу налаштувань і типові значення, з якими відкриваються карти й числові відображення."
426,"How much of the settings file is shown, and how the dates are picked.",Wie viel von der Einstellungsdatei angezeigt wird und wie die Daten gewählt werden.,Quanta parte del file di impostazioni viene mostrata e come si scelgono le date.,"Mennyi látszik a beállításfájlból, és hogyan választhatók ki a dátumok.",Cât din fișierul de setări este afișat și cum se aleg datele.,Koliko se od datoteke podešavanja prikazuje i kako se biraju datumi.,Koliko se datoteke postavki prikazuje i kako se biraju datumi.,Koľko zo súboru nastavení sa zobrazí a ako sa vyberajú dátumy.,Колко от файла с настройки се показва и как се избират датите.,Kolik ze souboru nastavení se zobrazí a jak se vybírají data.,Яку частину файлу налаштувань показано і як вибираються дати.
427,Where the Journal of Runs (the log of past runs) is stored and how long it is kept.,Wo das Laufprotokoll (Protokoll vergangener Läufe) gespeichert wird und wie lange es aufbewahrt wird.,Dove viene memorizzato il Registro delle esecuzioni (log delle esecuzioni passate) e per quanto tempo.,"Hol tárolódik a Futási napló (a korábbi futások naplója), és meddig marad meg.",Unde este stocat Jurnalul rulărilor (jurnalul rulărilor anterioare) și cât timp este păstrat.,Gde se čuva Dnevnik pokretanja (zapis prethodnih pokretanja) i koliko dugo.,Gdje se sprema Dnevnik pokretanja (zapis prethodnih pokretanja) i koliko dugo se čuva.,Kde je uložený Denník behov (záznam minulých behov) a ako dlho sa uchováva.,Къде се съхранява Дневникът на изпълненията (записът на минали изпълнения) и колко дълго се пази.,Kde je uložen Deník běhů (záznam minulých běhů) a jak dlouho se uchovává.,Де зберігається Журнал запусків (запис минулих запусків) і як довго.
428,Output box file,Datei des Ausgabefensters,File del riquadro di output,Kimeneti mező fájlja,Fișierul casetei de ieșire,Datoteka izlaznog okvira,Datoteka izlaznog okvira,Súbor výstupného poľa,Файл на изходното поле,Soubor výstupního pole,Файл поля виводу
429,Mode,Modus,Modalità,Mód,Mod,Režim,Način,Režim,Режим,Režim,Режим
430,Font of settingsfile,Schrift der Einstellungsdatei,Carattere del file di impostazioni,A beállításfájl betűtípusa,Fontul fișierului de setări,Font datoteke podešavanja,Font datoteke postavki,Písmo súboru nastavení,Шрифт на файла с настройки,Písmo souboru nastavení,Шрифт файлу налаштувань
431,Font size of settingsfile,Schriftgröße der Einstellungsdatei,Dimensione carattere del file di impostazioni,A beállításfájl betűmérete,Dimensiunea fontului fișierului de setări,Veličina fonta datoteke podešavanja,Veličina fonta datoteke postavki,Veľkosť písma súboru nastavení,Размер на шрифта на файла с настройки,Velikost písma souboru nastavení,Розмір шрифту файлу налаштувань
432,Show decimals,Nachkommastellen,Mostra decimali,Tizedesjegyek,Afișează zecimale,Prikaži decimale,Prikaži decimale,Desatinné miesta,Десетични знаци,Desetinná místa,Десяткові знаки
433,Initial map transparency,Anfängliche Kartentransparenz,Trasparenza iniziale della mappa,Kezdeti térkép-átlátszóság,Transparența inițială a hărții,Početna providnost karte,Početna prozirnost karte,Počiatočná priehľadnosť mapy,Начална прозрачност на картата,Počáteční průhlednost mapy,Початкова прозорість карти
434,Default openstreet map,Standard-OpenStreetMap-Karte,Mappa OpenStreetMap predefinita,Alapértelmezett OpenStreetMap térkép,Harta OpenStreetMap implicită,Podrazumevana OpenStreetMap karta,Zadana OpenStreetMap karta,Predvolená mapa OpenStreetMap,OpenStreetMap карта по подразбиране,Výchozí mapa OpenStreetMap,Типова карта OpenStreetMap
435,Select animal,Tier auswählen,Scegli animale,Állat kiválasztása,Alege animalul,Izaberi životinju,Odaberi životinju,Vybrať zviera,Избери животно,Vybrat zvíře,Вибрати тварину
436,Skill of user,Erfahrungsstufe,Livello dell'utente,Felhasználói szint,Nivelul utilizatorului,Nivo korisnika,Razina korisnika,Úroveň používateľa,Ниво на потребителя,Úroveň uživatele,Рівень користувача
437,Run history folder,Ordner der Laufhistorie,Cartella cronologia esecuzioni,Futási előzmények mappája,Folderul istoricului rulărilor,Fascikla istorije pokretanja,Mapa povijesti pokretanja,Priečinok histórie behov,Папка на историята на изпълненията,Složka historie běhů,Папка історії запусків
438,Run history retention,Aufbewahrung der Laufhistorie,Conservazione cronologia esecuzioni,Futási előzmények megőrzése,Păstrarea istoricului rulărilor,Čuvanje istorije pokretanja,Čuvanje povijesti pokretanja,Uchovávanie histórie behov,Съхранение на историята на изпълненията,Uchovávání historie běhů,Зберігання історії запусків
439,cell,Zelle,cella,cella,celulă,ćelija,ćelija,bunka,клетка,buňka,клітинка
440,cells,Zellen,celle,cella,celule,ćelije,ćelije,bunky,клетки,buňky,клітинки
441,column,Spalte,colonna,oszlop,coloană,kolona,stupac,stĺpec,колона,sloupec,стовпець
442,columns,Spalten,colonne,oszlop,coloane,kolone,stupci,stĺpce,колони,sloupce,стовпці
443,row,Zeile,riga,sor,rând,red,redak,riadok,ред,řádek,рядок
444,rows,Zeilen,righe,sor,rânduri,redovi,retci,riadky,реда,řádky,рядки
445,left,links,a sinistra,balra,la stânga,levo,lijevo,vľavo,вляво,vlevo,ліворуч
446,right,rechts,a destra,jobbra,la dreapta,desno,desno,vpravo,вдясно,vpravo,праворуч
447,above,darüber,sopra,felette,deasupra,iznad,iznad,nad,отгоре,nad,вище
448,below,darunter,sotto,alatta,dedesubt,ispod,ispod,pod,отдолу,pod,нижче
449,short,kurze,breve,rövid,scurt,kratak,kratak,krátku,кратък,krátkou,коротку
450,medium,mittellange,media,közepes,mediu,srednji,srednji,strednú,среден,střední,середню
451,long,lange,lunga,hosszú,lung,dug,dug,dlhú,дълъг,dlouhou,довгу
